chr	pos	cluster	cp
1	296500	0	0.766
1	1728194	1	0.305
1	1993288	0	0.766
1	2401749	1	0.305
1	2633732	0	0.766
1	3585746	1	0.305
1	3779861	1	0.305
1	4610426	0	0.766
1	4663285	0	0.766
1	4794116	0	0.766
1	5634632	1	0.305
1	6024115	0	0.766
1	6264765	1	0.305
1	6390672	0	0.766
1	7008088	0	0.766
1	8438289	0	0.766
1	9727736	0	0.766
1	9837320	1	0.305
1	10841114	0	0.766
1	11139474	0	0.766
1	11842369	0	0.766
1	11897777	0	0.766
1	13460749	0	0.766
1	13677815	1	0.305
1	13942763	0	0.766
1	14010273	0	0.766
1	14532601	0	0.766
1	14591226	0	0.766
1	15552383	0	0.766
1	16157955	1	0.305
1	16805649	0	0.766
1	16933415	0	0.766
1	17631603	0	0.766
1	18413401	1	0.305
1	18838997	0	0.766
1	19114285	0	0.766
1	22496877	0	0.766
1	22699818	0	0.766
1	22917866	0	0.766
1	25234369	0	0.766
1	27191791	1	0.305
1	27796525	1	0.305
1	28031086	0	0.766
1	28426298	0	0.766
1	28449698	0	0.766
1	28637621	1	0.305
1	28855755	1	0.305
1	28886898	0	0.766
1	30261479	0	0.766
1	31299138	0	0.766
1	31964991	1	0.305
1	32114203	0	0.766
1	35845399	1	0.305
1	36407278	0	0.766
1	36682805	1	0.305
1	37177674	0	0.766
1	37720934	0	0.766
1	37987664	0	0.766
1	38353703	1	0.305
1	38573235	0	0.766
1	38987596	0	0.766
1	39058594	0	0.766
1	39522907	0	0.766
1	41449595	0	0.766
1	41954206	0	0.766
1	42650600	0	0.766
1	42987786	0	0.766
1	43134376	1	0.305
1	43406026	1	0.305
1	44419051	1	0.305
1	44831090	1	0.305
1	45110638	0	0.766
1	45209857	0	0.766
1	45563769	1	0.305
1	45780765	0	0.766
1	46071381	1	0.305
1	47093029	0	0.766
1	47679046	1	0.305
1	48725785	0	0.766
1	49309347	1	0.305
1	49528577	0	0.766
1	54575317	1	0.305
1	55318611	1	0.305
1	59125371	0	0.766
1	59654487	1	0.305
1	59775526	1	0.305
1	60989379	0	0.766
1	61688212	1	0.305
1	61907626	0	0.766
1	62286027	1	0.305
1	63591212	0	0.766
1	64292082	1	0.305
1	64735094	0	0.766
1	65724522	1	0.305
1	65835064	0	0.766
1	66442877	1	0.305
1	66725298	1	0.305
1	66752968	0	0.766
1	67039361	0	0.766
1	67122798	0	0.766
1	70242689	0	0.766
1	70608229	1	0.305
1	70698141	0	0.766
1	73062836	0	0.766
1	74655354	1	0.305
1	76540922	1	0.305
1	79964415	0	0.766
1	80210182	0	0.766
1	80305825	0	0.766
1	80364087	0	0.766
1	81252746	0	0.766
1	82825638	1	0.305
1	82840216	0	0.766
1	83441112	0	0.766
1	83530719	0	0.766
1	83591295	1	0.305
1	83963158	0	0.766
1	84162338	0	0.766
1	87539369	0	0.766
1	87863828	0	0.766
1	88493384	0	0.766
1	89681014	1	0.305
1	90611792	1	0.305
1	90796213	1	0.305
1	91225708	0	0.766
1	92303839	1	0.305
1	93024114	0	0.766
1	93087898	0	0.766
1	94069291	0	0.766
1	94100682	0	0.766
1	96041614	0	0.766
1	96073759	1	0.305
1	97426011	0	0.766
1	98550111	0	0.766
1	100553416	0	0.766
1	101446601	1	0.305
1	104271279	1	0.305
1	104384138	0	0.766
1	106022295	1	0.305
1	106953381	1	0.305
1	107027572	1	0.305
1	107057075	1	0.305
1	107470307	0	0.766
1	107879817	0	0.766
1	110001436	0	0.766
1	111929307	0	0.766
1	114124282	0	0.766
1	114156028	0	0.766
1	114941745	1	0.305
1	115454247	1	0.305
1	115664780	0	0.766
1	116574804	1	0.305
1	118245823	0	0.766
1	119736779	0	0.766
1	119897369	1	0.305
1	119947555	1	0.305
1	119961603	1	0.305
1	120120668	1	0.305
1	120325557	0	0.766
1	120349743	1	0.305
1	121985251	1	0.305
1	124136638	1	0.305
1	124792241	0	0.766
1	125372448	0	0.766
1	125904229	1	0.305
1	126537592	1	0.305
1	126575902	0	0.766
1	126608143	1	0.305
1	126769497	1	0.305
1	127121824	0	0.766
1	127592447	0	0.766
1	127719672	0	0.766
1	127809910	0	0.766
1	127879860	0	0.766
1	129830179	0	0.766
1	129845312	1	0.305
1	129885050	0	0.766
1	130666698	0	0.766
1	131623406	1	0.305
1	131923109	0	0.766
1	132259018	1	0.305
1	132278734	1	0.305
1	132651267	0	0.766
1	132717651	0	0.766
1	133328910	1	0.305
1	133521573	1	0.305
1	134015931	1	0.305
1	134337686	1	0.305
1	135684102	0	0.766
1	138900985	0	0.766
1	140904908	1	0.305
1	141381401	1	0.305
1	141401273	1	0.305
1	141404838	0	0.766
1	142509295	1	0.305
1	142518989	0	0.766
1	143464925	0	0.766
1	145725354	1	0.305
1	146057695	0	0.766
1	146513272	0	0.766
1	146641207	0	0.766
1	147040406	0	0.766
1	148008644	0	0.766
1	149219712	0	0.766
1	149785738	0	0.766
1	149884518	0	0.766
1	150104494	0	0.766
1	150492879	0	0.766
1	151093503	0	0.766
1	151313798	0	0.766
1	151565922	0	0.766
1	151669297	1	0.305
1	152707757	1	0.305
1	153102333	1	0.305
1	154276869	0	0.766
1	155275118	0	0.766
1	155359252	0	0.766
1	155920675	0	0.766
1	157029910	0	0.766
1	158401781	0	0.766
1	158997402	0	0.766
1	159560443	1	0.305
1	161092520	0	0.766
1	161203279	1	0.305
1	161432246	0	0.766
1	163407380	1	0.305
1	163453777	1	0.305
1	163753873	1	0.305
1	164649985	1	0.305
1	164876634	0	0.766
1	167029980	0	0.766
1	167372681	1	0.305
1	167479294	0	0.766
1	167864475	1	0.305
1	168338094	1	0.305
1	170342860	0	0.766
1	172413776	0	0.766
1	172694099	1	0.305
1	173105160	1	0.305
1	173185059	1	0.305
1	173435408	1	0.305
1	174362740	0	0.766
1	174463347	1	0.305
1	174723837	0	0.766
1	175420605	1	0.305
1	175639523	0	0.766
1	176250244	0	0.766
1	176608959	1	0.305
1	180073242	0	0.766
1	180421672	1	0.305
1	181892220	0	0.766
1	182013263	0	0.766
1	182929006	1	0.305
1	183784887	1	0.305
1	183868263	0	0.766
1	184923735	0	0.766
1	185171080	0	0.766
1	186108970	1	0.305
1	187325169	0	0.766
1	187699919	0	0.766
1	187808572	0	0.766
1	188128319	1	0.305
1	188860260	0	0.766
1	188987011	0	0.766
1	190866716	1	0.305
1	191108339	0	0.766
1	191225236	1	0.305
1	191548400	1	0.305
1	192041010	1	0.305
1	192342195	1	0.305
1	192681392	1	0.305
1	193730989	0	0.766
1	194796843	0	0.766
1	196167990	0	0.766
1	196802440	0	0.766
1	197749801	0	0.766
1	198370291	1	0.305
1	198538021	0	0.766
1	198589035	0	0.766
1	199739686	0	0.766
1	200208391	0	0.766
1	200229889	0	0.766
1	201491058	0	0.766
1	202352151	0	0.766
1	203298257	1	0.305
1	204705691	1	0.305
1	207206723	0	0.766
1	207465336	0	0.766
1	209120256	0	0.766
1	209745733	0	0.766
1	210096945	1	0.305
1	210297713	0	0.766
1	211934762	1	0.305
1	214282078	1	0.305
1	215924372	0	0.766
1	215958255	0	0.766
1	216583445	1	0.305
1	216678123	1	0.305
1	217865512	1	0.305
1	218311209	0	0.766
1	220730897	0	0.766
1	222166634	0	0.766
1	222782206	1	0.305
1	223204967	1	0.305
1	224476102	1	0.305
1	226077244	1	0.305
1	226228650	1	0.305
1	227505693	1	0.305
1	227855330	0	0.766
1	228321882	0	0.766
1	228907736	1	0.305
1	228971407	0	0.766
1	230551324	0	0.766
1	231010031	0	0.766
1	232653327	1	0.305
1	233675211	0	0.766
1	233869669	1	0.305
1	234348786	0	0.766
1	234616455	0	0.766
1	234791913	0	0.766
1	235048981	0	0.766
1	235146233	0	0.766
1	235478705	1	0.305
1	235531253	0	0.766
1	236102342	1	0.305
1	236850154	0	0.766
1	237209385	1	0.305
1	237406800	1	0.305
1	237754361	1	0.305
1	238747579	0	0.766
1	238988087	1	0.305
1	239908425	1	0.305
1	239977699	1	0.305
1	240184323	0	0.766
1	240829648	1	0.305
1	241376125	0	0.766
1	241401924	1	0.305
1	241738843	1	0.305
1	242179355	1	0.305
1	242972352	1	0.305
1	243287967	0	0.766
1	243598578	0	0.766
1	243975761	0	0.766
1	244006639	1	0.305
1	244476805	0	0.766
1	245458056	0	0.766
1	246007144	1	0.305
1	246138165	1	0.305
1	246611684	0	0.766
1	246834863	1	0.305
1	248236747	1	0.305
2	429632	1	0.305
2	670262	0	0.766
2	1655544	1	0.305
2	2215346	0	0.766
2	2232510	0	0.766
2	4299442	0	0.766
2	4426390	0	0.766
2	4673647	0	0.766
2	6687521	1	0.305
2	7481413	0	0.766
2	10174295	1	0.305
2	10206404	0	0.766
2	10405884	1	0.305
2	11639635	0	0.766
2	13573136	0	0.766
2	14454295	0	0.766
2	15069336	0	0.766
2	15455701	1	0.305
2	16455302	0	0.766
2	16882300	0	0.766
2	17337310	0	0.766
2	18951617	0	0.766
2	20492706	1	0.305
2	22279976	0	0.766
2	22596396	0	0.766
2	23093652	0	0.766
2	24036393	0	0.766
2	25603457	0	0.766
2	26085057	0	0.766
2	26489779	0	0.766
2	27402454	1	0.305
2	27994178	0	0.766
2	28975549	1	0.305
2	29811707	1	0.305
2	29868700	1	0.305
2	30859690	1	0.305
2	32702274	0	0.766
2	34970728	1	0.305
2	35881237	1	0.305
2	36699072	1	0.305
2	38178806	0	0.766
2	39035881	1	0.305
2	39579385	0	0.766
2	41247791	0	0.766
2	43648212	0	0.766
2	44006873	1	0.305
2	45639608	0	0.766
2	46076401	0	0.766
2	46408437	0	0.766
2	47138190	0	0.766
2	47532603	0	0.766
2	49209356	1	0.305
2	49322562	0	0.766
2	49781137	0	0.766
2	52584639	1	0.305
2	52791034	1	0.305
2	52791078	0	0.766
2	53133409	0	0.766
2	53795041	0	0.766
2	56210782	0	0.766
2	56226854	0	0.766
2	56984637	0	0.766
2	58088283	1	0.305
2	58386263	1	0.305
2	58746483	1	0.305
2	59595193	0	0.766
2	59605799	1	0.305
2	59847044	1	0.305
2	61253527	0	0.766
2	62967156	0	0.766
2	63347918	1	0.305
2	63493061	0	0.766
2	63866187	0	0.766
2	64028794	0	0.766
2	65606631	0	0.766
2	65848368	0	0.766
2	66029273	1	0.305
2	67791780	0	0.766
2	68202043	0	0.766
2	69511949	0	0.766
2	72599526	0	0.766
2	73161436	0	0.766
2	74132202	0	0.766
2	74286626	0	0.766
2	76288512	0	0.766
2	76539318	0	0.766
2	76997790	0	0.766
2	77246063	0	0.766
2	77864971	0	0.766
2	78425595	0	0.766
2	78584652	0	0.766
2	79326408	0	0.766
2	79326885	0	0.766
2	79440636	1	0.305
2	80236851	0	0.766
2	80383922	0	0.766
2	83919843	0	0.766
2	86055836	1	0.305
2	86740998	0	0.766
2	87853610	0	0.766
2	87902040	0	0.766
2	88197163	1	0.305
2	88368847	1	0.305
2	90254758	1	0.305
2	90304748	1	0.305
2	90698171	0	0.766
2	90990027	0	0.766
2	92480660	0	0.766
2	93141017	0	0.766
2	93844467	0	0.766
2	95328243	0	0.766
2	95964639	1	0.305
2	96677967	0	0.766
2	96877917	0	0.766
2	97135705	0	0.766
2	98167968	1	0.305
2	98554503	0	0.766
2	99366297	1	0.305
2	99499708	0	0.766
2	99819937	1	0.305
2	100017335	0	0.766
2	101343993	0	0.766
2	102195934	1	0.305
2	102544789	0	0.766
2	105057026	0	0.766
2	105620378	1	0.305
2	106396101	1	0.305
2	107744712	1	0.305
2	108796992	0	0.766
2	110000503	1	0.305
2	113443112	0	0.766
2	113909544	0	0.766
2	114030385	0	0.766
2	114992108	0	0.766
2	115338784	0	0.766
2	115464136	1	0.305
2	116258252	0	0.766
2	116640937	1	0.305
2	117222865	1	0.305
2	117383815	0	0.766
2	118887307	0	0.766
2	121174669	1	0.305
2	121409887	1	0.305
2	123192662	1	0.305
2	123326917	1	0.305
2	123841865	0	0.766
2	123869578	0	0.766
2	124736386	0	0.766
2	124950395	0	0.766
2	125526384	0	0.766
2	125811370	1	0.305
2	126652055	0	0.766
2	127123625	1	0.305
2	128969259	0	0.766
2	129903415	0	0.766
2	130002990	0	0.766
2	130712405	0	0.766
2	131043005	0	0.766
2	131157405	1	0.305
2	131691322	1	0.305
2	133873679	0	0.766
2	133931964	0	0.766
2	133949754	1	0.305
2	134645267	1	0.305
2	135051917	0	0.766
2	135693366	1	0.305
2	136061142	1	0.305
2	137631279	0	0.766
2	137840257	0	0.766
2	138247588	1	0.305
2	139122736	0	0.766
2	140919673	0	0.766
2	142026613	0	0.766
2	142336398	1	0.305
2	142833768	1	0.305
2	144636896	1	0.305
2	145323725	0	0.766
2	146520235	0	0.766
2	146611306	0	0.766
2	147215314	1	0.305
2	150607785	0	0.766
2	150846593	0	0.766
2	151015761	1	0.305
2	151603234	0	0.766
2	151774046	0	0.766
2	152361139	1	0.305
2	153746220	0	0.766
2	155629350	1	0.305
2	158285290	0	0.766
2	158502293	1	0.305
2	159416234	1	0.305
2	161382065	1	0.305
2	161973500	0	0.766
2	164300665	0	0.766
2	165279368	1	0.305
2	166026318	0	0.766
2	166538906	0	0.766
2	166779204	1	0.305
2	166964702	1	0.305
2	167629635	1	0.305
2	168525916	0	0.766
2	168890212	1	0.305
2	169256872	0	0.766
2	169277316	1	0.305
2	169981756	0	0.766
2	170075073	0	0.766
2	170629374	1	0.305
2	170953995	0	0.766
2	171015345	1	0.305
2	171645295	0	0.766
2	171885466	0	0.766
2	172479471	0	0.766
2	172492844	1	0.305
2	172683768	0	0.766
2	173465234	1	0.305
2	173728486	0	0.766
2	175585599	1	0.305
2	175749713	0	0.766
2	176370496	0	0.766
2	177608337	0	0.766
2	177890663	0	0.766
2	179632138	1	0.305
2	180510767	1	0.305
2	181319644	1	0.305
2	181588339	0	0.766
2	183520470	1	0.305
2	183782034	1	0.305
2	184291691	1	0.305
2	185186961	0	0.766
2	185267400	0	0.766
2	185267587	0	0.766
2	185465965	1	0.305
2	186253614	1	0.305
2	186958025	1	0.305
2	187048945	0	0.766
2	188070196	0	0.766
2	189102237	0	0.766
2	189489703	0	0.766
2	190841988	0	0.766
2	192325850	0	0.766
2	192849483	0	0.766
2	194568433	1	0.305
2	195234069	0	0.766
2	195837700	0	0.766
2	196277807	0	0.766
2	196684916	0	0.766
2	196973495	0	0.766
2	197101271	1	0.305
2	201263557	0	0.766
2	201652040	0	0.766
2	202329501	1	0.305
2	203278792	1	0.305
2	204028872	1	0.305
2	205527326	1	0.305
2	206742539	1	0.305
2	208373672	1	0.305
2	208896664	1	0.305
2	209136486	0	0.766
2	209780640	0	0.766
2	210492600	0	0.766
2	211434260	1	0.305
2	212256064	1	0.305
2	212669490	1	0.305
2	212880672	0	0.766
2	214660604	0	0.766
2	216836650	1	0.305
2	217038703	1	0.305
2	217215223	0	0.766
2	218892240	0	0.766
2	219371039	0	0.766
2	219548996	1	0.305
2	221463135	0	0.766
2	222420397	0	0.766
2	223035015	0	0.766
2	227467294	0	0.766
2	231823086	0	0.766
2	232361595	1	0.305
2	233041028	0	0.766
2	233043135	1	0.305
2	233055086	0	0.766
2	234674360	0	0.766
2	236307224	0	0.766
2	236607125	1	0.305
2	238334420	1	0.305
2	238698462	1	0.305
2	239988237	1	0.305
2	240714695	0	0.766
2	240716323	0	0.766
2	241564496	1	0.305
2	241832269	0	0.766
2	241890010	0	0.766
2	241982945	0	0.766
3	593479	1	0.305
3	2160589	1	0.305
3	2660021	1	0.305
3	2786710	1	0.305
3	3171443	0	0.766
3	5272385	1	0.305
3	5967739	0	0.766
3	7110083	0	0.766
3	7262703	0	0.766
3	10117162	0	0.766
3	10375269	0	0.766
3	10520279	0	0.766
3	11286309	0	0.766
3	11659033	1	0.305
3	12149279	0	0.766
3	13352423	1	0.305
3	14102548	0	0.766
3	14529523	0	0.766
3	15259456	1	0.305
3	15341958	1	0.305
3	16069608	1	0.305
3	17189153	0	0.766
3	17366332	1	0.305
3	17411095	0	0.766
3	18538133	0	0.766
3	18683178	0	0.766
3	19278357	0	0.766
3	19362702	0	0.766
3	20714422	0	0.766
3	24190610	1	0.305
3	25457481	0	0.766
3	27122975	1	0.305
3	27731617	1	0.305
3	27923678	0	0.766
3	31010248	1	0.305
3	31109254	0	0.766
3	31441771	1	0.305
3	31462942	0	0.766
3	32881518	0	0.766
3	33386890	0	0.766
3	36928910	0	0.766
3	37664709	0	0.766
3	38428514	0	0.766
3	40757019	1	0.305
3	41690304	1	0.305
3	41824081	1	0.305
3	41960782	1	0.305
3	42445981	0	0.766
3	42871540	0	0.766
3	43066443	1	0.305
3	43171784	0	0.766
3	43667237	0	0.766
3	44279869	1	0.305
3	44621092	1	0.305
3	44630885	1	0.305
3	44667583	1	0.305
3	45107517	0	0.766
3	45435441	0	0.766
3	45628925	0	0.766
3	46962798	0	0.766
3	47116762	0	0.766
3	48838307	0	0.766
3	48860443	0	0.766
3	49047048	0	0.766
3	49512882	1	0.305
3	49794542	0	0.766
3	50245892	1	0.305
3	50289756	1	0.305
3	50495336	0	0.766
3	50715820	0	0.766
3	50846284	1	0.305
3	51396383	0	0.766
3	51742564	0	0.766
3	52183623	1	0.305
3	52373916	0	0.766
3	52628844	0	0.766
3	52891983	0	0.766
3	53603796	1	0.305
3	54466824	0	0.766
3	55947568	1	0.305
3	56335296	0	0.766
3	56343276	0	0.766
3	57312719	0	0.766
3	58477109	0	0.766
3	58845398	0	0.766
3	59786113	0	0.766
3	60472908	0	0.766
3	62189905	0	0.766
3	65887676	0	0.766
3	66288485	0	0.766
3	67047221	0	0.766
3	67847678	1	0.305
3	69070181	0	0.766
3	69091423	1	0.305
3	71725270	1	0.305
3	72408973	0	0.766
3	73377325	0	0.766
3	74294832	1	0.305
3	74552431	0	0.766
3	74809591	0	0.766
3	75908901	1	0.305
3	76468621	0	0.766
3	76566134	0	0.766
3	78506339	1	0.305
3	79922410	0	0.766
3	80590217	1	0.305
3	81168966	1	0.305
3	81737899	0	0.766
3	83306323	1	0.305
3	84005732	1	0.305
3	84022494	0	0.766
3	85176485	0	0.766
3	86010233	1	0.305
3	86177423	0	0.766
3	87209778	1	0.305
3	88295795	1	0.305
3	89492611	1	0.305
3	91148619	1	0.305
3	93479051	0	0.766
3	93626792	0	0.766
3	94040507	0	0.766
3	94053354	0	0.766
3	95117780	0	0.766
3	96850629	0	0.766
3	97019799	1	0.305
3	97504814	0	0.766
3	97956830	1	0.305
3	98010572	1	0.305
3	99257648	1	0.305
3	101072005	0	0.766
3	101391641	1	0.305
3	101556405	0	0.766
3	102474623	0	0.766
3	102661551	1	0.305
3	104485150	1	0.305
3	106058601	0	0.766
3	107154236	1	0.305
3	107602782	1	0.305
3	107701546	1	0.305
3	108228180	0	0.766
3	108233208	1	0.305
3	108365218	1	0.305
3	111310257	1	0.305
3	112952195	0	0.766
3	113047571	1	0.305
3	115659023	1	0.305
3	115661033	1	0.305
3	116126788	1	0.305
3	116268820	1	0.305
3	120111730	0	0.766
3	120870780	0	0.766
3	123816852	1	0.305
3	124268869	1	0.305
3	124669907	0	0.766
3	126369193	1	0.305
3	127413880	0	0.766
3	127768706	0	0.766
3	128533436	0	0.766
3	130331547	1	0.305
3	130476355	1	0.305
3	131230383	0	0.766
3	131396376	0	0.766
3	132078514	1	0.305
3	132524427	1	0.305
3	134931134	1	0.305
3	135352287	1	0.305
3	135462760	1	0.305
3	136391956	0	0.766
3	137106348	1	0.305
3	138459269	0	0.766
3	139482135	0	0.766
3	139930081	0	0.766
3	139973605	1	0.305
3	142797020	1	0.305
3	142925295	0	0.766
3	143058637	1	0.305
3	143667839	1	0.305
3	143669204	1	0.305
3	144380851	0	0.766
3	145234164	1	0.305
3	145501045	0	0.766
3	146878875	0	0.766
3	148959497	0	0.766
3	149466465	1	0.305
3	149604961	0	0.766
3	150688229	0	0.766
3	151474625	1	0.305
3	151621870	0	0.766
3	152381754	0	0.766
3	153248901	0	0.766
3	153438000	0	0.766
3	153855145	1	0.305
3	154342473	0	0.766
3	154669945	0	0.766
3	155288569	0	0.766
3	155354075	0	0.766
3	156053419	0	0.766
3	156751611	1	0.305
3	159111384	0	0.766
3	159587000	1	0.305
3	160226685	0	0.766
3	160368738	1	0.305
3	161995818	1	0.305
3	163147640	0	0.766
3	163157457	1	0.305
3	163729498	0	0.766
3	163899725	1	0.305
3	163971341	1	0.305
3	164672923	1	0.305
3	164997673	0	0.766
3	166309558	0	0.766
3	166781226	0	0.766
3	167675550	0	0.766
3	167906919	1	0.305
3	168115334	1	0.305
3	168506920	1	0.305
3	170377735	0	0.766
3	170456920	0	0.766
3	171541502	0	0.766
3	171786547	1	0.305
3	171812963	0	0.766
3	174318184	0	0.766
3	174348837	1	0.305
3	174766978	0	0.766
3	174983929	0	0.766
3	175494299	0	0.766
3	177447439	0	0.766
3	177506274	0	0.766
3	178435353	0	0.766
3	179929450	0	0.766
3	182856609	0	0.766
3	187982141	1	0.305
3	188288176	0	0.766
3	188815436	0	0.766
3	189736244	0	0.766
3	191678326	0	0.766
3	191817672	1	0.305
3	192754069	0	0.766
3	193362814	1	0.305
3	196777669	0	0.766
4	783267	1	0.305
4	3388882	1	0.305
4	5360838	1	0.305
4	6234496	0	0.766
4	6962542	0	0.766
4	7070885	0	0.766
4	8173683	0	0.766
4	9133508	1	0.305
4	10044560	0	0.766
4	10749681	0	0.766
4	12724912	0	0.766
4	13353664	1	0.305
4	13764957	0	0.766
4	15041885	1	0.305
4	18324489	0	0.766
4	19634295	1	0.305
4	20215693	1	0.305
4	20584090	0	0.766
4	21195657	0	0.766
4	21838259	1	0.305
4	23412112	1	0.305
4	24405577	1	0.305
4	24531072	1	0.305
4	24864066	1	0.305
4	25162942	0	0.766
4	25279486	0	0.766
4	25568877	1	0.305
4	27232328	1	0.305
4	27601436	0	0.766
4	28246833	1	0.305
4	29804035	1	0.305
4	29937281	0	0.766
4	29954454	1	0.305
4	33101885	0	0.766
4	33129321	1	0.305
4	33205913	1	0.305
4	34322510	0	0.766
4	35832509	0	0.766
4	36298732	1	0.305
4	36448044	0	0.766
4	38674128	1	0.305
4	40171277	0	0.766
4	41111245	1	0.305
4	41119221	0	0.766
4	41758236	0	0.766
4	42362359	0	0.766
4	42644773	0	0.766
4	42790069	1	0.305
4	43301610	1	0.305
4	44115789	0	0.766
4	44234715	0	0.766
4	44789286	1	0.305
4	44806436	0	0.766
4	44833537	0	0.766
4	45185117	0	0.766
4	45401209	0	0.766
4	45446329	0	0.766
4	46930442	0	0.766
4	47997324	0	0.766
4	48062940	0	0.766
4	48069471	0	0.766
4	50538412	1	0.305
4	51038136	1	0.305
4	51973038	1	0.305
4	53201380	0	0.766
4	54132389	1	0.305
4	54261586	0	0.766
4	55087444	0	0.766
4	55196256	1	0.305
4	55199681	0	0.766
4	56911385	1	0.305
4	57583198	1	0.305
4	59777543	0	0.766
4	61179524	0	0.766
4	61282273	1	0.305
4	61410255	0	0.766
4	61608265	1	0.305
4	62503824	0	0.766
4	62579252	1	0.305
4	62695154	0	0.766
4	63027326	0	0.766
4	63192510	0	0.766
4	64373542	0	0.766
4	64547293	0	0.766
4	66335218	0	0.766
4	66909835	1	0.305
4	66920267	1	0.305
4	67295342	1	0.305
4	67582862	0	0.766
4	68568411	0	0.766
4	70032524	1	0.305
4	71396030	1	0.305
4	72296257	0	0.766
4	74388544	0	0.766
4	77638196	0	0.766
4	77882180	0	0.766
4	78223477	0	0.766
4	78599331	0	0.766
4	79294409	0	0.766
4	79734235	0	0.766
4	80747302	1	0.305
4	82793205	1	0.305
4	82853345	1	0.305
4	82963561	0	0.766
4	84188984	1	0.305
4	84482814	0	0.766
4	86931744	1	0.305
4	87606347	0	0.766
4	89122611	1	0.305
4	89209056	0	0.766
4	89416494	0	0.766
4	89703526	0	0.766
4	90420929	0	0.766
4	90962602	0	0.766
4	91097493	0	0.766
4	92030577	1	0.305
4	92191443	0	0.766
4	92630439	0	0.766
4	93057525	0	0.766
4	93507987	0	0.766
4	97387676	0	0.766
4	97856976	0	0.766
4	97869041	1	0.305
4	98387150	1	0.305
4	99196405	1	0.305
4	99771334	0	0.766
4	99797479	1	0.305
4	100188969	1	0.305
4	100318084	1	0.305
4	100366547	0	0.766
4	100602928	0	0.766
4	101454421	1	0.305
4	101495659	0	0.766
4	102144379	0	0.766
4	102740049	0	0.766
4	102777981	0	0.766
4	104300832	0	0.766
4	106583163	0	0.766
4	107130225	1	0.305
4	107827332	1	0.305
4	108356679	0	0.766
4	108779139	0	0.766
4	110119039	0	0.766
4	110375162	0	0.766
4	110396650	0	0.766
4	111340779	1	0.305
4	111379282	1	0.305
4	111553387	1	0.305
4	111889215	0	0.766
4	112010635	0	0.766
4	114492776	0	0.766
4	115240801	0	0.766
4	116616758	1	0.305
4	117715997	0	0.766
4	118036205	0	0.766
4	119080954	0	0.766
4	119378578	1	0.305
4	119929817	1	0.305
4	120530670	1	0.305
4	120542785	1	0.305
4	120734589	1	0.305
4	123726635	1	0.305
4	125605979	1	0.305
4	126947280	1	0.305
4	129310547	1	0.305
4	129760469	0	0.766
4	130027775	0	0.766
4	131149257	0	0.766
4	134380257	0	0.766
4	134797164	1	0.305
4	135389193	1	0.305
4	136972383	0	0.766
4	137102122	0	0.766
4	137824860	1	0.305
4	140765873	0	0.766
4	141079703	0	0.766
4	141692421	1	0.305
4	141970253	1	0.305
4	143252800	0	0.766
4	143804168	1	0.305
4	143980825	0	0.766
4	144827053	1	0.305
4	145939542	0	0.766
4	146363863	1	0.305
4	146572214	0	0.766
4	148005994	0	0.766
4	149218101	1	0.305
4	150050093	1	0.305
4	150353997	1	0.305
4	151289820	1	0.305
4	152551582	0	0.766
4	152614599	1	0.305
4	153557668	1	0.305
4	153648552	0	0.766
4	154923188	0	0.766
4	157175597	1	0.305
4	159151998	1	0.305
4	161317883	1	0.305
4	162784575	0	0.766
4	163220691	0	0.766
4	164094238	1	0.305
4	164167100	1	0.305
4	164456032	1	0.305
4	165509230	1	0.305
4	165757315	0	0.766
4	166089334	0	0.766
4	166268632	1	0.305
4	167990483	0	0.766
4	168475048	1	0.305
4	168487251	0	0.766
4	168798569	0	0.766
4	168988527	1	0.305
4	169181825	0	0.766
4	173173388	0	0.766
4	174157762	1	0.305
4	174428942	1	0.305
4	175867331	0	0.766
4	175976722	0	0.766
4	177643416	1	0.305
4	178125131	0	0.766
4	179750733	1	0.305
4	179958464	0	0.766
4	180674265	0	0.766
4	180738796	1	0.305
4	181771091	1	0.305
4	181779522	0	0.766
4	182678755	0	0.766
4	182831616	1	0.305
4	183209992	0	0.766
4	183451561	1	0.305
4	183508874	0	0.766
4	183790837	0	0.766
4	184560844	0	0.766
4	184586779	0	0.766
4	185008196	1	0.305
4	185052398	0	0.766
4	186356929	1	0.305
4	186437654	1	0.305
4	186503640	0	0.766
4	186603951	0	0.766
4	187279605	1	0.305
4	187292962	0	0.766
4	189319509	0	0.766
4	190128045	0	0.766
5	275857	0	0.766
5	594074	1	0.305
5	948769	1	0.305
5	2377692	1	0.305
5	2889837	0	0.766
5	4341034	1	0.305
5	5581082	1	0.305
5	6126372	0	0.766
5	6587958	0	0.766
5	7407530	0	0.766
5	8889887	0	0.766
5	9210198	1	0.305
5	9521647	0	0.766
5	9819759	0	0.766
5	10665710	0	0.766
5	11291436	1	0.305
5	13254032	0	0.766
5	13670048	0	0.766
5	14358895	1	0.305
5	14368764	1	0.305
5	14716788	0	0.766
5	15727981	1	0.305
5	16030559	0	0.766
5	16150520	0	0.766
5	17475187	1	0.305
5	18915350	0	0.766
5	20581944	1	0.305
5	22563238	1	0.305
5	24198774	0	0.766
5	24328626	1	0.305
5	24990198	0	0.766
5	25094414	0	0.766
5	26207285	0	0.766
5	27778412	0	0.766
5	27942400	1	0.305
5	28655874	0	0.766
5	30145631	0	0.766
5	31710516	0	0.766
5	33517578	0	0.766
5	36041239	0	0.766
5	38509271	0	0.766
5	38737970	0	0.766
5	39254498	1	0.305
5	39497170	1	0.305
5	39564279	1	0.305
5	39586379	0	0.766
5	40301714	1	0.305
5	40768574	1	0.305
5	41020622	0	0.766
5	45351332	0	0.766
5	45484192	0	0.766
5	45929607	0	0.766
5	48025667	0	0.766
5	48313605	0	0.766
5	48554979	0	0.766
5	50517902	0	0.766
5	51929548	1	0.305
5	53097698	0	0.766
5	53545293	1	0.305
5	54286465	0	0.766
5	55263271	0	0.766
5	56168034	1	0.305
5	56224855	0	0.766
5	56715263	1	0.305
5	56801684	0	0.766
5	57630402	1	0.305
5	57785628	0	0.766
5	61222851	0	0.766
5	62160420	0	0.766
5	63078786	0	0.766
5	63921794	0	0.766
5	64966838	0	0.766
5	68521303	1	0.305
5	68786233	0	0.766
5	71113827	0	0.766
5	71125753	0	0.766
5	72423426	0	0.766
5	73184060	0	0.766
5	73358049	0	0.766
5	74501872	0	0.766
5	74694383	1	0.305
5	74971733	1	0.305
5	75126719	0	0.766
5	75143346	1	0.305
5	75359951	0	0.766
5	75849953	0	0.766
5	76335861	0	0.766
5	76877022	0	0.766
5	77969129	0	0.766
5	78839178	1	0.305
5	78985484	0	0.766
5	82617881	0	0.766
5	83547073	1	0.305
5	84327648	0	0.766
5	85053437	0	0.766
5	85819770	0	0.766
5	86084550	1	0.305
5	88188677	0	0.766
5	88580396	0	0.766
5	88611224	0	0.766
5	88684876	0	0.766
5	88916610	0	0.766
5	89820709	1	0.305
5	91157736	0	0.766
5	91473962	1	0.305
5	92022776	0	0.766
5	93684433	1	0.305
5	94015849	1	0.305
5	96466784	0	0.766
5	96663004	0	0.766
5	97228278	1	0.305
5	97883319	1	0.305
5	98091019	1	0.305
5	99229278	0	0.766
5	99239334	1	0.305
5	101220128	0	0.766
5	103364451	0	0.766
5	103675625	0	0.766
5	103960384	1	0.305
5	104876175	1	0.305
5	106021085	0	0.766
5	106201587	0	0.766
5	107984941	1	0.305
5	108246287	1	0.305
5	108777449	1	0.305
5	109242948	0	0.766
5	111445995	0	0.766
5	111540163	0	0.766
5	112129052	1	0.305
5	113190799	0	0.766
5	113235706	1	0.305
5	114596363	1	0.305
5	117279873	0	0.766
5	118430348	1	0.305
5	120650711	0	0.766
5	121576184	0	0.766
5	121586448	0	0.766
5	122525086	0	0.766
5	122745913	0	0.766
5	123619238	0	0.766
5	123844194	0	0.766
5	123933830	0	0.766
5	124015984	0	0.766
5	124730855	1	0.305
5	124849676	1	0.305
5	125024287	0	0.766
5	125280935	1	0.305
5	125677613	0	0.766
5	125951410	0	0.766
5	126401517	1	0.305
5	126435047	1	0.305
5	127008201	0	0.766
5	127159545	0	0.766
5	128396080	1	0.305
5	129617972	0	0.766
5	130829986	0	0.766
5	131317518	0	0.766
5	133502121	1	0.305
5	134022702	1	0.305
5	134517262	1	0.305
5	135137620	0	0.766
5	136307702	1	0.305
5	136715257	0	0.766
5	138818658	1	0.305
5	139537530	0	0.766
5	140665591	0	0.766
5	140735835	0	0.766
5	142587621	0	0.766
5	142870994	0	0.766
5	143902278	1	0.305
5	144333687	1	0.305
5	145000610	0	0.766
5	145175881	1	0.305
5	145632593	0	0.766
5	146765351	0	0.766
5	147197657	0	0.766
5	147326773	0	0.766
5	147407785	0	0.766
5	148150785	1	0.305
5	148260011	0	0.766
5	149156197	0	0.766
5	149484147	0	0.766
5	149570508	1	0.305
5	151800707	0	0.766
5	152691607	0	0.766
5	153139792	0	0.766
5	155103701	0	0.766
5	157635796	0	0.766
5	157832780	1	0.305
5	158220245	0	0.766
5	158854983	0	0.766
5	159816750	0	0.766
5	159971394	1	0.305
5	161378308	0	0.766
5	161825960	0	0.766
5	162172703	0	0.766
5	165065698	0	0.766
5	166059456	1	0.305
5	168032118	0	0.766
5	168421369	1	0.305
5	169748243	0	0.766
5	172003388	1	0.305
5	172115416	0	0.766
5	172444632	0	0.766
5	172874211	1	0.305
5	173181348	0	0.766
5	177599200	1	0.305
5	178349748	1	0.305
5	178426336	0	0.766
5	179204835	0	0.766
5	179219150	1	0.305
5	179319027	0	0.766
5	179995661	0	0.766
6	766623	0	0.766
6	976536	0	0.766
6	3549287	0	0.766
6	4869854	0	0.766
6	5224517	0	0.766
6	6052097	1	0.305
6	7655076	0	0.766
6	9634007	1	0.305
6	11635461	0	0.766
6	13425761	1	0.305
6	13885117	1	0.305
6	14851620	0	0.766
6	15073429	1	0.305
6	15495163	0	0.766
6	16425038	0	0.766
6	18185777	1	0.305
6	18202594	0	0.766
6	18798666	1	0.305
6	18817643	0	0.766
6	18899128	1	0.305
6	20393482	1	0.305
6	22177893	0	0.766
6	22755357	0	0.766
6	22830627	0	0.766
6	22910613	0	0.766
6	24025531	1	0.305
6	24190184	1	0.305
6	24745554	0	0.766
6	27200670	1	0.305
6	28175439	1	0.305
6	29670697	1	0.305
6	29876638	1	0.305
6	32032820	1	0.305
6	32497699	1	0.305
6	32596287	0	0.766
6	33826902	0	0.766
6	35426069	0	0.766
6	35658455	1	0.305
6	36332603	0	0.766
6	38863955	1	0.305
6	39992241	1	0.305
6	41522208	1	0.305
6	41725231	0	0.766
6	42964478	0	0.766
6	43258370	0	0.766
6	44091161	0	0.766
6	44223415	0	0.766
6	44630984	0	0.766
6	46276777	0	0.766
6	46330148	0	0.766
6	46353252	0	0.766
6	47072078	1	0.305
6	48674053	0	0.766
6	50066777	0	0.766
6	52075384	1	0.305
6	52135580	1	0.305
6	52234661	0	0.766
6	52249931	1	0.305
6	53179201	1	0.305
6	53215714	0	0.766
6	54227952	0	0.766
6	54767161	1	0.305
6	55324899	1	0.305
6	55421294	0	0.766
6	56505653	0	0.766
6	57419636	0	0.766
6	58890166	1	0.305
6	59226994	0	0.766
6	61831663	0	0.766
6	62085318	1	0.305
6	63385985	1	0.305
6	63475126	0	0.766
6	66226150	0	0.766
6	67177886	1	0.305
6	67507433	0	0.766
6	68813453	0	0.766
6	69019507	0	0.766
6	70140808	0	0.766
6	71855830	0	0.766
6	73417167	0	0.766
6	74354445	0	0.766
6	74600623	1	0.305
6	76946233	0	0.766
6	79067448	0	0.766
6	79728598	0	0.766
6	79919128	0	0.766
6	80017030	0	0.766
6	80434737	0	0.766
6	80629704	0	0.766
6	80989415	0	0.766
6	81162800	1	0.305
6	81517002	1	0.305
6	81619163	0	0.766
6	82349092	0	0.766
6	84161773	0	0.766
6	84681549	1	0.305
6	85202295	0	0.766
6	86183417	1	0.305
6	86303767	0	0.766
6	87549520	1	0.305
6	87939355	0	0.766
6	87989869	0	0.766
6	88800239	0	0.766
6	89738143	0	0.766
6	90219063	0	0.766
6	90520002	1	0.305
6	90894434	0	0.766
6	93705816	1	0.305
6	93995088	0	0.766
6	94259881	0	0.766
6	94856831	0	0.766
6	94972197	0	0.766
6	95907133	0	0.766
6	96743220	0	0.766
6	97259069	1	0.305
6	98633688	0	0.766
6	100318307	1	0.305
6	102096555	0	0.766
6	102539044	0	0.766
6	103218340	0	0.766
6	103434936	1	0.305
6	103440342	1	0.305
6	106342601	0	0.766
6	107143663	0	0.766
6	107536579	1	0.305
6	109398572	1	0.305
6	109800773	0	0.766
6	110105844	0	0.766
6	110613829	0	0.766
6	110685371	0	0.766
6	111076340	0	0.766
6	111127402	1	0.305
6	111584540	1	0.305
6	112696903	1	0.305
6	113334504	0	0.766
6	113591666	0	0.766
6	114176926	0	0.766
6	114632164	0	0.766
6	115967458	0	0.766
6	116249530	1	0.305
6	118943023	0	0.766
6	119034513	0	0.766
6	119146783	0	0.766
6	121856411	1	0.305
6	123192490	0	0.766
6	123494718	1	0.305
6	123730769	1	0.305
6	123749723	1	0.305
6	123783902	0	0.766
6	123907058	0	0.766
6	123950624	0	0.766
6	124024322	1	0.305
6	124552875	1	0.305
6	125021657	1	0.305
6	125875045	1	0.305
6	126833680	0	0.766
6	126839071	1	0.305
6	127805913	0	0.766
6	128325159	0	0.766
6	128469083	1	0.305
6	128779618	0	0.766
6	129135980	0	0.766
6	130681274	0	0.766
6	133372748	1	0.305
6	133497497	1	0.305
6	135581481	0	0.766
6	137747403	0	0.766
6	138282505	0	0.766
6	138939337	0	0.766
6	139352273	1	0.305
6	140263170	1	0.305
6	140278053	1	0.305
6	140519417	1	0.305
6	143950639	1	0.305
6	144187926	0	0.766
6	144607050	0	0.766
6	145126626	0	0.766
6	145494455	1	0.305
6	145519337	0	0.766
6	145770944	0	0.766
6	145844493	0	0.766
6	146296001	0	0.766
6	146823880	1	0.305
6	146839074	1	0.305
6	146882732	1	0.305
6	147167608	1	0.305
6	147533009	1	0.305
6	149823844	0	0.766
6	150830737	0	0.766
6	151250766	0	0.766
6	151995745	1	0.305
6	153075332	0	0.766
6	154683430	1	0.305
6	155896057	0	0.766
6	156858695	0	0.766
6	160377429	0	0.766
6	160411150	0	0.766
6	160780965	0	0.766
6	161396862	0	0.766
6	161629194	0	0.766
6	161839126	0	0.766
6	162759184	0	0.766
6	163136893	0	0.766
6	163790734	1	0.305
6	163971273	0	0.766
6	165231361	0	0.766
6	166120229	1	0.305
6	167625737	0	0.766
6	167664107	1	0.305
6	167665601	0	0.766
6	167826707	1	0.305
6	168889831	0	0.766
6	169051186	1	0.305
6	170843399	0	0.766
7	1744907	1	0.305
7	1949647	0	0.766
7	2359344	1	0.305
7	2477113	1	0.305
7	2557432	0	0.766
7	3765008	0	0.766
7	4743600	1	0.305
7	5415269	1	0.305
7	6992945	0	0.766
7	8647171	1	0.305
7	10580421	0	0.766
7	12622149	1	0.305
7	12781707	0	0.766
7	13085456	1	0.305
7	13219759	0	0.766
7	13680661	1	0.305
7	14023894	1	0.305
7	14612539	1	0.305
7	14941015	1	0.305
7	16262630	0	0.766
7	16917039	0	0.766
7	17485134	0	0.766
7	17506795	1	0.305
7	18286468	0	0.766
7	20514006	1	0.305
7	20923025	1	0.305
7	27450371	0	0.766
7	28939536	0	0.766
7	28941749	0	0.766
7	30058043	0	0.766
7	31186343	1	0.305
7	31395970	0	0.766
7	32593413	1	0.305
7	34059363	1	0.305
7	37604870	0	0.766
7	38967553	0	0.766
7	39905240	1	0.305
7	40961408	0	0.766
7	41299440	1	0.305
7	42412745	0	0.766
7	42991865	0	0.766
7	43317060	0	0.766
7	43616737	1	0.305
7	45356302	0	0.766
7	45906136	1	0.305
7	47250922	1	0.305
7	47503254	0	0.766
7	48242833	0	0.766
7	48980125	0	0.766
7	49685936	1	0.305
7	50418904	1	0.305
7	51405158	1	0.305
7	52618550	0	0.766
7	54645635	1	0.305
7	56542376	0	0.766
7	56569329	0	0.766
7	57296248	1	0.305
7	57662224	0	0.766
7	57932206	0	0.766
7	58122726	0	0.766
7	58297321	1	0.305
7	61091407	0	0.766
7	63894981	1	0.305
7	65039861	1	0.305
7	65341938	1	0.305
7	65578979	0	0.766
7	66033636	0	0.766
7	66092744	1	0.305
7	68207567	1	0.305
7	68425374	1	0.305
7	68584914	0	0.766
7	68941900	1	0.305
7	69667064	0	0.766
7	71739299	1	0.305
7	73876847	0	0.766
7	74663504	1	0.305
7	75034530	0	0.766
7	76347425	0	0.766
7	77184214	0	0.766
7	78683882	0	0.766
7	79171939	0	0.766
7	79624272	0	0.766
7	79989681	0	0.766
7	79996248	1	0.305
7	80290277	0	0.766
7	80698704	1	0.305
7	81082170	0	0.766
7	82979097	1	0.305
7	83215996	1	0.305
7	83870611	1	0.305
7	84273195	0	0.766
7	85617317	0	0.766
7	87023196	1	0.305
7	87045818	0	0.766
7	87293483	1	0.305
7	87971355	1	0.305
7	88612939	0	0.766
7	89434303	1	0.305
7	90391784	0	0.766
7	90911248	1	0.305
7	90912358	0	0.766
7	91313817	1	0.305
7	91747470	0	0.766
7	92622313	0	0.766
7	93823831	1	0.305
7	94015930	0	0.766
7	95022317	0	0.766
7	96110129	1	0.305
7	97549210	1	0.305
7	97752505	0	0.766
7	98272597	0	0.766
7	100911353	0	0.766
7	101545161	1	0.305
7	102695217	0	0.766
7	105398413	0	0.766
7	105771984	0	0.766
7	110046832	0	0.766
7	110888407	1	0.305
7	111206853	0	0.766
7	111425705	0	0.766
7	112524663	1	0.305
7	114554711	0	0.766
7	115969886	1	0.305
7	116159252	1	0.305
7	116198533	0	0.766
7	116975731	1	0.305
7	117126877	0	0.766
7	117336018	1	0.305
7	117653233	1	0.305
7	117654251	1	0.305
7	117667098	0	0.766
7	118524111	0	0.766
7	118597445	1	0.305
7	118669219	1	0.305
7	118774840	0	0.766
7	119747631	1	0.305
7	120328351	0	0.766
7	121654157	1	0.305
7	122110986	0	0.766
7	122318395	0	0.766
7	122668578	1	0.305
7	125243940	0	0.766
7	125875019	1	0.305
7	127187064	0	0.766
7	127802454	1	0.305
7	130011125	1	0.305
7	130656271	0	0.766
7	131283991	0	0.766
7	132589962	1	0.305
7	133144068	1	0.305
7	133660267	0	0.766
7	134212777	0	0.766
7	135211982	0	0.766
7	136515501	0	0.766
7	136558622	0	0.766
7	137061968	0	0.766
7	137171521	0	0.766
7	137496478	0	0.766
7	138300558	1	0.305
7	138821147	0	0.766
7	139319525	0	0.766
7	140883832	0	0.766
7	141426995	1	0.305
7	141610615	0	0.766
7	141870884	0	0.766
7	142023954	1	0.305
7	143433154	0	0.766
7	143898353	0	0.766
7	144287998	1	0.305
7	144551232	0	0.766
7	145953200	0	0.766
7	146769805	1	0.305
7	147091910	1	0.305
7	147876900	0	0.766
7	148733306	0	0.766
7	148757580	0	0.766
7	149571062	0	0.766
7	150050298	0	0.766
7	150571572	0	0.766
7	151188602	1	0.305
7	152196683	1	0.305
7	152841069	0	0.766
7	153390492	0	0.766
7	153842570	0	0.766
7	154869624	0	0.766
7	155539111	0	0.766
7	156096734	1	0.305
7	158071204	1	0.305
8	116426	1	0.305
8	444838	1	0.305
8	1126232	0	0.766
8	1747816	0	0.766
8	1815008	1	0.305
8	3516294	0	0.766
8	5258348	0	0.766
8	7392819	0	0.766
8	7927822	0	0.766
8	7930639	1	0.305
8	8211436	0	0.766
8	8957490	1	0.305
8	9774844	1	0.305
8	11655001	0	0.766
8	11948826	1	0.305
8	13460263	0	0.766
8	14382966	0	0.766
8	14688609	1	0.305
8	16029379	0	0.766
8	16690051	0	0.766
8	16743456	1	0.305
8	18451373	0	0.766
8	18873454	1	0.305
8	20656282	0	0.766
8	21977478	0	0.766
8	23919754	0	0.766
8	23989021	0	0.766
8	25076090	1	0.305
8	25591891	0	0.766
8	25720448	1	0.305
8	26057235	0	0.766
8	28471710	1	0.305
8	28733554	0	0.766
8	29770348	1	0.305
8	32226942	1	0.305
8	32337362	1	0.305
8	33438105	0	0.766
8	34491717	1	0.305
8	35265741	0	0.766
8	35309483	0	0.766
8	35317425	1	0.305
8	36111289	0	0.766
8	37333107	0	0.766
8	37967773	0	0.766
8	39048788	0	0.766
8	41074242	1	0.305
8	41843357	1	0.305
8	42606714	0	0.766
8	43382841	0	0.766
8	43880490	0	0.766
8	44220691	0	0.766
8	44565400	0	0.766
8	45236487	0	0.766
8	45743102	1	0.305
8	46304224	0	0.766
8	47374764	1	0.305
8	47977190	1	0.305
8	48510405	0	0.766
8	48761283	0	0.766
8	48880282	0	0.766
8	49256189	1	0.305
8	49345212	1	0.305
8	49503406	1	0.305
8	50762434	0	0.766
8	51858573	0	0.766
8	53705100	0	0.766
8	55640000	0	0.766
8	56521904	0	0.766
8	56675652	0	0.766
8	56815330	0	0.766
8	57211770	0	0.766
8	57301690	1	0.305
8	59047472	0	0.766
8	59648480	0	0.766
8	59778677	0	0.766
8	60401469	1	0.305
8	60900006	1	0.305
8	60959315	0	0.766
8	63460395	0	0.766
8	63715467	1	0.305
8	63991183	0	0.766
8	65645717	0	0.766
8	65784390	0	0.766
8	66271955	0	0.766
8	66465776	1	0.305
8	68098097	1	0.305
8	69427066	0	0.766
8	70918941	0	0.766
8	71216325	0	0.766
8	71452653	0	0.766
8	72116192	0	0.766
8	72252849	0	0.766
8	73899167	0	0.766
8	75773181	0	0.766
8	75912682	0	0.766
8	76099657	0	0.766
8	78319381	0	0.766
8	80141088	0	0.766
8	80217309	0	0.766
8	80649153	0	0.766
8	80917771	1	0.305
8	81724765	1	0.305
8	82513322	0	0.766
8	83228676	1	0.305
8	84201280	0	0.766
8	84462369	0	0.766
8	84633885	1	0.305
8	84788339	0	0.766
8	85004826	0	0.766
8	85731412	0	0.766
8	87059879	0	0.766
8	87511513	0	0.766
8	87865164	0	0.766
8	88108539	0	0.766
8	88131841	1	0.305
8	88971926	0	0.766
8	89563326	0	0.766
8	90172546	0	0.766
8	91712836	0	0.766
8	94415794	0	0.766
8	94985743	1	0.305
8	95474438	0	0.766
8	95477538	1	0.305
8	95873781	1	0.305
8	95911768	0	0.766
8	96870287	0	0.766
8	99520263	1	0.305
8	101060798	0	0.766
8	101512467	0	0.766
8	101722316	1	0.305
8	101910006	0	0.766
8	101950483	0	0.766
8	101967055	0	0.766
8	103157247	0	0.766
8	103608258	1	0.305
8	104937728	0	0.766
8	105322959	1	0.305
8	106768732	0	0.766
8	106813389	0	0.766
8	107003455	0	0.766
8	108136152	0	0.766
8	109465633	0	0.766
8	110406498	1	0.305
8	111583079	0	0.766
8	114831482	0	0.766
8	114930235	0	0.766
8	115133190	1	0.305
8	115650387	1	0.305
8	118418736	0	0.766
8	118499503	1	0.305
8	118693588	1	0.305
8	120063876	1	0.305
8	120657292	1	0.305
8	121052314	1	0.305
8	123304078	1	0.305
8	125570743	0	0.766
8	126216006	0	0.766
8	126965971	0	0.766
8	127627789	1	0.305
8	127969831	0	0.766
8	128825417	0	0.766
8	129364121	0	0.766
8	130388116	0	0.766
8	130571340	0	0.766
8	131420109	0	0.766
8	132095060	0	0.766
8	135301821	0	0.766
8	136381135	1	0.305
8	136768479	0	0.766
8	139603410	1	0.305
8	140030314	0	0.766
8	140829041	0	0.766
8	141510981	1	0.305
8	141888352	0	0.766
8	142732984	1	0.305
8	145483206	0	0.766
8	145812609	1	0.305
9	278358	1	0.305
9	1820595	0	0.766
9	2232321	0	0.766
9	2554368	0	0.766
9	2797000	0	0.766
9	4178879	0	0.766
9	4393506	0	0.766
9	4632390	0	0.766
9	6030168	0	0.766
9	8077220	1	0.305
9	9155790	1	0.305
9	9301241	1	0.305
9	9313313	0	0.766
9	9418295	0	0.766
9	9819598	0	0.766
9	11915000	0	0.766
9	12239317	1	0.305
9	12628734	0	0.766
9	12733529	0	0.766
9	13248310	0	0.766
9	14045880	1	0.305
9	14485041	1	0.305
9	15825080	1	0.305
9	16062515	0	0.766
9	16385046	1	0.305
9	17348650	1	0.305
9	19245288	1	0.305
9	19959174	0	0.766
9	20177059	1	0.305
9	21964002	1	0.305
9	22058097	0	0.766
9	22290941	0	0.766
9	23432357	0	0.766
9	24379171	1	0.305
9	25491253	0	0.766
9	27087288	0	0.766
9	27701876	0	0.766
9	27874735	0	0.766
9	28702276	0	0.766
9	29897485	1	0.305
9	29964411	0	0.766
9	31430005	0	0.766
9	32283171	1	0.305
9	32821369	1	0.305
9	33972292	0	0.766
9	34424391	0	0.766
9	35446363	1	0.305
9	36395632	1	0.305
9	37231627	0	0.766
9	37572819	0	0.766
9	37724088	0	0.766
9	38440985	1	0.305
9	38629954	0	0.766
9	39208312	0	0.766
9	41924081	1	0.305
9	42671466	1	0.305
9	42878994	1	0.305
9	43537705	0	0.766
9	44320489	0	0.766
9	44560031	1	0.305
9	44721126	1	0.305
9	45095509	0	0.766
9	46744660	1	0.305
9	47091840	1	0.305
9	47405663	0	0.766
9	47834755	1	0.305
9	48267210	0	0.766
9	52660591	1	0.305
9	53603372	0	0.766
9	53912267	0	0.766
9	54337973	0	0.766
9	55730036	1	0.305
9	55789112	0	0.766
9	55955616	0	0.766
9	56831283	1	0.305
9	56963588	0	0.766
9	58806323	0	0.766
9	58871406	1	0.305
9	59273004	0	0.766
9	61152309	0	0.766
9	63447249	1	0.305
9	63617998	0	0.766
9	65376059	0	0.766
9	66377612	0	0.766
9	66397871	0	0.766
9	66449081	0	0.766
9	67225397	1	0.305
9	67330832	0	0.766
9	67425166	1	0.305
9	69582860	1	0.305
9	70262875	0	0.766
9	70292275	0	0.766
9	72255841	0	0.766
9	72538715	1	0.305
9	73604533	0	0.766
9	73844946	1	0.305
9	74096577	0	0.766
9	74837758	0	0.766
9	77269840	0	0.766
9	78871563	1	0.305
9	79977848	1	0.305
9	80388566	1	0.305
9	80718716	0	0.766
9	81057018	0	0.766
9	81967566	1	0.305
9	82065291	1	0.305
9	82150427	0	0.766
9	82803369	0	0.766
9	85229462	1	0.305
9	89444466	1	0.305
9	89757923	0	0.766
9	89848923	0	0.766
9	90095141	0	0.766
9	90202177	1	0.305
9	90257581	0	0.766
9	90634881	0	0.766
9	91379242	1	0.305
9	91381714	0	0.766
9	92801238	0	0.766
9	92874205	1	0.305
9	93065030	0	0.766
9	94186342	1	0.305
9	94779844	0	0.766
9	95162995	0	0.766
9	95390661	0	0.766
9	95695174	0	0.766
9	97215252	0	0.766
9	97413662	0	0.766
9	98460474	0	0.766
9	98517857	0	0.766
9	98800510	1	0.305
9	99427296	1	0.305
9	99816608	0	0.766
9	99915717	0	0.766
9	101137835	1	0.305
9	101938663	1	0.305
9	103164294	1	0.305
9	104662182	1	0.305
9	105170626	0	0.766
9	105288490	0	0.766
9	106958964	0	0.766
9	107561384	1	0.305
9	108722802	0	0.766
9	111123118	0	0.766
9	111158791	1	0.305
9	112782922	0	0.766
9	114243330	1	0.305
9	115253162	1	0.305
9	115922634	1	0.305
9	116210760	1	0.305
9	118215635	0	0.766
9	119563525	0	0.766
9	119794961	1	0.305
9	121937027	1	0.305
9	122030483	1	0.305
9	122137424	0	0.766
9	123344550	0	0.766
9	125212619	0	0.766
9	125415912	1	0.305
9	125904514	1	0.305
9	126388232	0	0.766
9	126400079	1	0.305
9	126926589	0	0.766
9	126946275	1	0.305
9	128010615	0	0.766
9	128017414	0	0.766
9	128766808	0	0.766
9	131440720	1	0.305
9	132295724	1	0.305
9	132428732	0	0.766
9	132950217	1	0.305
9	134509550	1	0.305
9	136379614	0	0.766
9	136549994	1	0.305
9	137388970	0	0.766
9	137924666	0	0.766
9	137939814	1	0.305
9	139151624	1	0.305
9	139498095	1	0.305
10	548790	0	0.766
10	663636	1	0.305
10	2205845	1	0.305
10	2269770	1	0.305
10	2440675	1	0.305
10	2768074	0	0.766
10	3584541	0	0.766
10	5487962	0	0.766
10	5771031	1	0.305
10	6088790	0	0.766
10	6125467	1	0.305
10	6198875	1	0.305
10	7397956	1	0.305
10	7575955	1	0.305
10	7650180	0	0.766
10	9604998	1	0.305
10	11315213	1	0.305
10	11478227	0	0.766
10	12250015	0	0.766
10	14075235	0	0.766
10	14155411	1	0.305
10	15076359	1	0.305
10	15877883	0	0.766
10	16028122	1	0.305
10	18104847	0	0.766
10	18235211	0	0.766
10	19623213	0	0.766
10	20321916	0	0.766
10	21603034	0	0.766
10	21941281	0	0.766
10	22612786	1	0.305
10	23158346	0	0.766
10	24119588	0	0.766
10	24387946	1	0.305
10	25607868	0	0.766
10	30902800	1	0.305
10	31409970	0	0.766
10	32463714	0	0.766
10	33753241	0	0.766
10	34370368	1	0.305
10	35123140	1	0.305
10	35813212	0	0.766
10	36296290	0	0.766
10	36443142	0	0.766
10	37746718	0	0.766
10	39467278	1	0.305
10	42009935	0	0.766
10	43369614	0	0.766
10	43388228	0	0.766
10	44281381	0	0.766
10	44803166	0	0.766
10	47942443	1	0.305
10	48260665	1	0.305
10	48274349	0	0.766
10	49186187	1	0.305
10	50146891	0	0.766
10	51021468	0	0.766
10	51977499	0	0.766
10	54693992	0	0.766
10	55338462	1	0.305
10	55732203	0	0.766
10	56572215	1	0.305
10	56992667	0	0.766
10	63490226	1	0.305
10	64821023	0	0.766
10	65815998	1	0.305
10	66508597	0	0.766
10	66751567	0	0.766
10	67099035	0	0.766
10	67594395	0	0.766
10	68725191	1	0.305
10	68810359	1	0.305
10	69274443	1	0.305
10	69846545	0	0.766
10	69877606	0	0.766
10	73511093	1	0.305
10	74580187	0	0.766
10	75008974	1	0.305
10	75397053	1	0.305
10	79277184	0	0.766
10	79501357	0	0.766
10	79768295	0	0.766
10	81844154	1	0.305
10	81845697	1	0.305
10	82432181	0	0.766
10	83277474	0	0.766
10	85864843	0	0.766
10	86354563	0	0.766
10	86555774	0	0.766
10	87316563	0	0.766
10	89207229	0	0.766
10	89599128	0	0.766
10	89979275	1	0.305
10	91213084	0	0.766
10	91508179	0	0.766
10	92181905	0	0.766
10	92763250	0	0.766
10	94071814	0	0.766
10	94246114	1	0.305
10	95288335	1	0.305
10	95609473	1	0.305
10	97783416	0	0.766
10	98251085	1	0.305
10	101039774	1	0.305
10	103492611	0	0.766
10	104728978	1	0.305
10	105056363	1	0.305
10	105411271	1	0.305
10	105985093	0	0.766
10	109798860	0	0.766
10	110181364	0	0.766
10	110265678	0	0.766
10	110640568	1	0.305
10	111740805	0	0.766
10	112192139	1	0.305
10	115771847	1	0.305
10	115788175	1	0.305
10	116276343	0	0.766
10	116319286	1	0.305
10	116744654	0	0.766
10	116968929	1	0.305
10	117093420	0	0.766
10	117447381	1	0.305
10	118165600	0	0.766
10	118350733	0	0.766
10	118371441	1	0.305
10	118826144	0	0.766
10	119484199	0	0.766
10	121114006	0	0.766
10	122235040	0	0.766
10	123026703	1	0.305
10	124588045	1	0.305
10	124882316	0	0.766
10	125354196	0	0.766
10	126377958	0	0.766
10	126796390	1	0.305
10	127572153	0	0.766
10	128142092	0	0.766
10	129474323	1	0.305
10	130800774	1	0.305
10	133361324	1	0.305
10	133736049	0	0.766
10	134257815	1	0.305
10	134260289	0	0.766
10	135068767	0	0.766
11	2473569	1	0.305
11	3409410	0	0.766
11	4759756	0	0.766
11	5708486	0	0.766
11	5778696	0	0.766
11	7027802	1	0.305
11	8587188	1	0.305
11	9314979	0	0.766
11	9319522	0	0.766
11	9632339	0	0.766
11	9798357	0	0.766
11	9932957	1	0.305
11	9974639	0	0.766
11	10199425	1	0.305
11	10201412	0	0.766
11	10522166	1	0.305
11	11740407	0	0.766
11	13678220	1	0.305
11	13869670	0	0.766
11	15071118	0	0.766
11	17662893	0	0.766
11	18060927	0	0.766
11	18656211	0	0.766
11	19411499	0	0.766
11	20152816	1	0.305
11	20767354	1	0.305
11	21620399	1	0.305
11	21854920	1	0.305
11	22031718	1	0.305
11	23784669	1	0.305
11	24522562	1	0.305
11	25108773	1	0.305
11	27759662	1	0.305
11	29103778	0	0.766
11	30209164	1	0.305
11	30937593	0	0.766
11	31670909	0	0.766
11	31726334	0	0.766
11	32479786	0	0.766
11	32696988	0	0.766
11	32989686	1	0.305
11	33880235	1	0.305
11	34439652	1	0.305
11	34713961	1	0.305
11	35457340	1	0.305
11	35589266	1	0.305
11	36437388	0	0.766
11	36852726	1	0.305
11	40072995	0	0.766
11	41132826	1	0.305
11	41379303	0	0.766
11	42818628	0	0.766
11	42965943	0	0.766
11	44433108	0	0.766
11	45538139	0	0.766
11	45585377	0	0.766
11	45841174	1	0.305
11	45853406	0	0.766
11	46430121	0	0.766
11	46742595	0	0.766
11	46765284	0	0.766
11	47450954	1	0.305
11	47630025	0	0.766
11	51424059	0	0.766
11	51532949	0	0.766
11	52425941	0	0.766
11	53382816	1	0.305
11	53487031	1	0.305
11	55308034	0	0.766
11	55499218	1	0.305
11	56230015	0	0.766
11	56796725	1	0.305
11	57391129	0	0.766
11	58416944	0	0.766
11	58849922	0	0.766
11	59422342	0	0.766
11	59548189	1	0.305
11	59615427	0	0.766
11	60576527	0	0.766
11	60628600	0	0.766
11	60941460	1	0.305
11	61753374	1	0.305
11	63387194	1	0.305
11	65453140	1	0.305
11	66041690	1	0.305
11	67590282	1	0.305
11	68047792	0	0.766
11	68317664	1	0.305
11	68426263	1	0.305
11	68484059	0	0.766
11	69569205	0	0.766
11	69658902	1	0.305
11	75900580	1	0.305
11	76844841	1	0.305
11	77488716	1	0.305
11	78333559	0	0.766
11	78820701	0	0.766
11	81507616	0	0.766
11	82239434	0	0.766
11	82920465	1	0.305
11	84215807	0	0.766
11	84725443	1	0.305
11	85390728	0	0.766
11	88372759	0	0.766
11	88459478	1	0.305
11	89431259	0	0.766
11	92970218	0	0.766
11	93320504	0	0.766
11	93433232	0	0.766
11	94053408	1	0.305
11	96604104	0	0.766
11	96681430	1	0.305
11	97083152	0	0.766
11	97812530	0	0.766
11	98097889	0	0.766
11	98705033	0	0.766
11	98900853	0	0.766
11	100110938	1	0.305
11	100214231	1	0.305
11	100550801	1	0.305
11	100571676	0	0.766
11	100653572	0	0.766
11	100761619	1	0.305
11	100899032	1	0.305
11	102325278	0	0.766
11	102861755	1	0.305
11	102933664	0	0.766
11	103266087	1	0.305
11	103317476	1	0.305
11	105096181	0	0.766
11	105258890	0	0.766
11	107756371	1	0.305
11	111278385	0	0.766
11	111878909	0	0.766
11	112052890	1	0.305
11	114440372	0	0.766
11	114453053	0	0.766
11	114616628	0	0.766
11	115491783	0	0.766
11	115960074	1	0.305
11	116210001	0	0.766
11	117547395	1	0.305
11	118142637	0	0.766
11	119736885	0	0.766
11	119833856	0	0.766
11	120286500	1	0.305
11	120781951	1	0.305
11	122884681	1	0.305
11	123269698	0	0.766
11	123582308	0	0.766
11	123867015	1	0.305
11	124048068	0	0.766
11	124595572	1	0.305
11	125285594	0	0.766
11	126211088	0	0.766
11	127832219	0	0.766
11	128558564	0	0.766
11	128567526	0	0.766
11	132350666	0	0.766
12	179086	0	0.766
12	383157	1	0.305
12	1226863	1	0.305
12	1390855	0	0.766
12	1501954	0	0.766
12	2345922	1	0.305
12	2451275	0	0.766
12	3965933	0	0.766
12	5017476	0	0.766
12	5188866	0	0.766
12	5464776	0	0.766
12	5477215	1	0.305
12	7470525	0	0.766
12	8294670	0	0.766
12	8307334	0	0.766
12	8856899	0	0.766
12	8950880	0	0.766
12	9786237	1	0.305
12	11055641	0	0.766
12	11215834	0	0.766
12	11733235	1	0.305
12	11741808	1	0.305
12	11955922	0	0.766
12	14261041	1	0.305
12	15747282	1	0.305
12	19123069	1	0.305
12	19180143	0	0.766
12	20047333	0	0.766
12	20998052	0	0.766
12	21852749	0	0.766
12	21912367	0	0.766
12	22038962	0	0.766
12	22263799	1	0.305
12	22936078	1	0.305
12	24857806	0	0.766
12	25171021	0	0.766
12	25644865	0	0.766
12	26041102	0	0.766
12	26394231	0	0.766
12	26475107	1	0.305
12	28801192	0	0.766
12	28803411	0	0.766
12	28812639	1	0.305
12	28911442	1	0.305
12	31441208	0	0.766
12	32638858	1	0.305
12	32832396	0	0.766
12	32869539	1	0.305
12	33434415	0	0.766
12	33910334	0	0.766
12	34092089	0	0.766
12	34353148	1	0.305
12	36626317	0	0.766
12	37150275	0	0.766
12	37320929	0	0.766
12	38440844	0	0.766
12	38883370	0	0.766
12	39991319	0	0.766
12	40964997	1	0.305
12	42093465	0	0.766
12	42725057	1	0.305
12	43974397	0	0.766
12	44222036	0	0.766
12	45880529	1	0.305
12	46177896	0	0.766
12	48082742	0	0.766
12	48174641	1	0.305
12	49299763	1	0.305
12	51112426	1	0.305
12	51202940	0	0.766
12	51326357	1	0.305
12	53103431	1	0.305
12	53300715	0	0.766
12	53604601	0	0.766
12	54474461	1	0.305
12	55440547	1	0.305
12	55563856	0	0.766
12	56718163	0	0.766
12	56849145	1	0.305
12	57888032	0	0.766
12	58246471	0	0.766
12	59177967	0	0.766
12	59451499	1	0.305
12	59637295	0	0.766
12	60853932	0	0.766
12	62084223	0	0.766
12	62482321	0	0.766
12	64060884	0	0.766
12	64096354	1	0.305
12	65150451	0	0.766
12	65460022	1	0.305
12	65874043	0	0.766
12	66992366	1	0.305
12	67721091	0	0.766
12	68722708	0	0.766
12	68832743	0	0.766
12	70504557	1	0.305
12	71977612	0	0.766
12	72048809	0	0.766
12	72873378	0	0.766
12	73303252	1	0.305
12	74801843	1	0.305
12	75640285	1	0.305
12	75686095	0	0.766
12	76259930	0	0.766
12	78671953	0	0.766
12	79746939	0	0.766
12	79768567	0	0.766
12	80764902	1	0.305
12	81405478	0	0.766
12	82080376	1	0.305
12	82727791	0	0.766
12	83347953	0	0.766
12	84283274	1	0.305
12	85858040	0	0.766
12	86677622	0	0.766
12	87502429	0	0.766
12	88676197	0	0.766
12	89218605	0	0.766
12	90232586	0	0.766
12	90805494	0	0.766
12	91183677	1	0.305
12	92898573	0	0.766
12	93491653	1	0.305
12	93995722	0	0.766
12	95111988	1	0.305
12	96391976	1	0.305
12	96591758	0	0.766
12	98652925	0	0.766
12	100409261	0	0.766
12	100555025	1	0.305
12	100759183	1	0.305
12	100774963	1	0.305
12	101403344	0	0.766
12	104921557	1	0.305
12	107134505	0	0.766
12	108303559	1	0.305
12	108578822	0	0.766
12	110015235	1	0.305
12	110204312	0	0.766
12	111332329	0	0.766
12	112945613	0	0.766
12	113132821	0	0.766
12	113729517	1	0.305
12	113984997	1	0.305
12	114285149	1	0.305
12	115735583	1	0.305
12	116245203	1	0.305
12	116264170	0	0.766
12	117237579	0	0.766
12	117979434	1	0.305
12	118365341	0	0.766
12	118414653	0	0.766
12	119977202	1	0.305
12	121555001	0	0.766
12	123231864	0	0.766
12	123884064	0	0.766
12	123959327	0	0.766
12	124509658	1	0.305
12	124676303	0	0.766
12	125217397	0	0.766
12	126361778	0	0.766
12	126418649	0	0.766
12	127743359	1	0.305
12	128376193	1	0.305
12	128998549	0	0.766
12	129112554	0	0.766
12	129525530	0	0.766
12	130330215	1	0.305
12	131368397	0	0.766
12	131421329	1	0.305
12	131713468	0	0.766
12	133806373	0	0.766
13	130902	0	0.766
13	472957	0	0.766
13	1736076	0	0.766
13	3390344	0	0.766
13	3620888	0	0.766
13	5882315	1	0.305
13	6100254	0	0.766
13	6383500	0	0.766
13	7140955	0	0.766
13	7407102	1	0.305
13	9252293	0	0.766
13	9293140	0	0.766
13	9370773	0	0.766
13	11208283	0	0.766
13	11611385	0	0.766
13	12342477	0	0.766
13	12362858	1	0.305
13	12437485	1	0.305
13	13225292	0	0.766
13	13478836	1	0.305
13	15287158	0	0.766
13	17528084	0	0.766
13	20184412	1	0.305
13	20235554	0	0.766
13	20264498	1	0.305
13	22165029	1	0.305
13	24531550	1	0.305
13	24539000	0	0.766
13	25516568	0	0.766
13	26348053	1	0.305
13	26890859	0	0.766
13	26976886	1	0.305
13	31171194	1	0.305
13	31203471	1	0.305
13	31620977	0	0.766
13	33060790	0	0.766
13	34701995	0	0.766
13	35526408	0	0.766
13	35799217	0	0.766
13	36387573	0	0.766
13	37644022	1	0.305
13	39776711	0	0.766
13	42810451	0	0.766
13	43734177	0	0.766
13	44210284	1	0.305
13	45266293	0	0.766
13	45671403	0	0.766
13	46072718	0	0.766
13	47000880	0	0.766
13	47279319	1	0.305
13	47356215	1	0.305
13	48681657	0	0.766
13	48686749	0	0.766
13	48798574	0	0.766
13	49811926	1	0.305
13	51021326	0	0.766
13	51149741	0	0.766
13	51436082	1	0.305
13	52444483	0	0.766
13	52625443	0	0.766
13	53766899	0	0.766
13	54286451	1	0.305
13	54405475	1	0.305
13	54695881	1	0.305
13	56030676	0	0.766
13	56209028	0	0.766
13	56450724	1	0.305
13	57017995	1	0.305
13	57477071	1	0.305
13	57497527	0	0.766
13	57855135	0	0.766
13	58997059	0	0.766
13	59036125	0	0.766
13	59492572	0	0.766
13	60536904	1	0.305
13	60861973	0	0.766
13	61522376	0	0.766
13	61821852	0	0.766
13	61920036	0	0.766
13	62196826	0	0.766
13	63711136	0	0.766
13	63819791	0	0.766
13	64647313	0	0.766
13	68514791	0	0.766
13	70267265	0	0.766
13	70708862	1	0.305
13	71313608	0	0.766
13	71385948	1	0.305
13	72613165	0	0.766
13	72708149	0	0.766
13	72752916	1	0.305
13	73669469	0	0.766
13	75239786	1	0.305
13	76032414	1	0.305
13	77722077	0	0.766
13	78439704	1	0.305
13	79079608	1	0.305
13	80025034	1	0.305
13	81106383	0	0.766
13	85548549	1	0.305
13	85645174	0	0.766
13	85863651	1	0.305
13	85900958	0	0.766
13	86342356	1	0.305
13	86650543	1	0.305
13	87178450	1	0.305
13	87322463	0	0.766
13	87418202	1	0.305
13	88007399	1	0.305
13	88122154	1	0.305
13	88223240	0	0.766
13	88697973	0	0.766
13	89332714	0	0.766
13	89403853	0	0.766
13	90069782	0	0.766
13	90598023	0	0.766
13	92221412	0	0.766
13	95124513	1	0.305
13	95457584	1	0.305
13	95976279	1	0.305
13	97586684	0	0.766
13	98302957	0	0.766
13	99547185	0	0.766
13	101546419	0	0.766
13	101715356	1	0.305
13	102046316	0	0.766
13	102054857	0	0.766
13	102620825	1	0.305
13	102856189	1	0.305
13	102908934	1	0.305
13	103282545	0	0.766
13	103540239	0	0.766
13	105711888	1	0.305
13	106197801	1	0.305
13	106894653	1	0.305
13	108348421	0	0.766
13	109109129	0	0.766
13	109283672	1	0.305
13	113656557	0	0.766
13	113872405	1	0.305
13	113987881	0	0.766
13	114434827	0	0.766
13	114659154	0	0.766
14	636896	0	0.766
14	1714021	0	0.766
14	2821230	1	0.305
14	4088169	1	0.305
14	4152964	0	0.766
14	4717205	1	0.305
14	4826781	1	0.305
14	5670757	1	0.305
14	6777695	0	0.766
14	6896041	1	0.305
14	7532722	1	0.305
14	8359212	1	0.305
14	10187373	0	0.766
14	11137715	1	0.305
14	11652704	1	0.305
14	12729956	0	0.766
14	13738689	0	0.766
14	13866330	0	0.766
14	14258429	0	0.766
14	15088613	0	0.766
14	15447904	0	0.766
14	15901968	0	0.766
14	17262468	1	0.305
14	18309600	1	0.305
14	18917372	0	0.766
14	20696393	1	0.305
14	20869476	0	0.766
14	21757574	1	0.305
14	22822370	0	0.766
14	24542539	0	0.766
14	25232801	0	0.766
14	25724979	1	0.305
14	27229071	0	0.766
14	27515838	0	0.766
14	29766745	1	0.305
14	30385711	0	0.766
14	30463919	0	0.766
14	33048737	1	0.305
14	35297812	0	0.766
14	35466383	0	0.766
14	35743113	0	0.766
14	35788860	1	0.305
14	36683430	1	0.305
14	37674733	0	0.766
14	38415680	1	0.305
14	39954882	0	0.766
14	40975880	0	0.766
14	42991497	1	0.305
14	43694384	0	0.766
14	44552465	0	0.766
14	45180472	1	0.305
14	45311364	1	0.305
14	45653192	0	0.766
14	46517989	1	0.305
14	46846048	1	0.305
14	46894814	1	0.305
14	48552545	0	0.766
14	49691660	1	0.305
14	49949310	1	0.305
14	52521438	0	0.766
14	52786566	0	0.766
14	52877575	0	0.766
14	53713992	1	0.305
14	54264233	1	0.305
14	55483139	0	0.766
14	56417099	1	0.305
14	57645874	0	0.766
14	57911841	1	0.305
14	58248173	1	0.305
14	58805818	1	0.305
14	59716208	1	0.305
14	60787837	0	0.766
14	61409202	1	0.305
14	61500971	1	0.305
14	62540942	0	0.766
14	63264381	0	0.766
14	64081548	0	0.766
14	64153053	1	0.305
14	64534993	1	0.305
14	64829652	1	0.305
14	65426967	0	0.766
14	67075701	0	0.766
14	67216920	0	0.766
14	68130247	0	0.766
14	68151903	0	0.766
14	73340201	0	0.766
14	73397226	1	0.305
14	73671664	0	0.766
14	73721858	0	0.766
14	75803378	1	0.305
14	75907322	0	0.766
14	76308662	0	0.766
14	76422764	0	0.766
14	77595249	1	0.305
14	79714461	0	0.766
14	79911889	1	0.305
14	81714146	1	0.305
14	81975421	1	0.305
14	83612658	1	0.305
14	84404474	0	0.766
14	86748403	0	0.766
14	88187590	0	0.766
14	88836407	1	0.305
14	89208197	0	0.766
14	89587216	0	0.766
14	89672996	0	0.766
14	90199156	0	0.766
14	90417853	1	0.305
14	90430422	1	0.305
14	90881161	0	0.766
14	91494000	0	0.766
14	92155333	0	0.766
14	92170429	0	0.766
14	92305881	0	0.766
14	92674768	0	0.766
14	92761471	1	0.305
14	93159074	1	0.305
14	93640756	1	0.305
14	94414520	1	0.305
14	96336917	0	0.766
14	97186401	0	0.766
14	97693449	1	0.305
14	97809429	0	0.766
14	97842971	0	0.766
14	99083543	0	0.766
14	99348060	1	0.305
14	100391941	0	0.766
14	101994944	0	0.766
14	102232932	0	0.766
14	102605093	0	0.766
14	104330051	1	0.305
14	105480714	0	0.766
15	634280	0	0.766
15	888682	0	0.766
15	1069998	0	0.766
15	2240116	1	0.305
15	2485578	0	0.766
15	3284243	0	0.766
15	5360895	1	0.305
15	5373542	0	0.766
15	6210421	0	0.766
15	6857612	1	0.305
15	8038072	0	0.766
15	8042735	0	0.766
15	8101176	0	0.766
15	8222104	0	0.766
15	8826303	0	0.766
15	9323018	1	0.305
15	11381804	0	0.766
15	13645710	1	0.305
15	14689698	1	0.305
15	17205239	0	0.766
15	18202464	0	0.766
15	21579284	0	0.766
15	21661473	1	0.305
15	21943225	0	0.766
15	22027652	0	0.766
15	22817921	0	0.766
15	23913291	1	0.305
15	24988419	1	0.305
15	25221692	1	0.305
15	25652470	0	0.766
15	25750954	0	0.766
15	26667484	0	0.766
15	26719509	0	0.766
15	27735013	1	0.305
15	28391386	0	0.766
15	29034800	0	0.766
15	29034912	0	0.766
15	29934661	0	0.766
15	32010768	0	0.766
15	33008837	0	0.766
15	33597203	0	0.766
15	33646109	0	0.766
15	34123411	1	0.305
15	35016300	1	0.305
15	35305806	1	0.305
15	35422109	1	0.305
15	35754082	1	0.305
15	36052168	0	0.766
15	37224978	0	0.766
15	37561927	1	0.305
15	38104238	0	0.766
15	41556122	1	0.305
15	42099671	1	0.305
15	42287803	0	0.766
15	42710419	0	0.766
15	43556661	1	0.305
15	44352606	0	0.766
15	46400877	0	0.766
15	46497393	0	0.766
15	47460253	0	0.766
15	49483311	0	0.766
15	50540469	1	0.305
15	51383879	0	0.766
15	51447428	0	0.766
15	51567201	0	0.766
15	52417485	1	0.305
15	52463291	0	0.766
15	52690767	1	0.305
15	53038007	0	0.766
15	53322180	0	0.766
15	53602448	0	0.766
15	55477098	0	0.766
15	55733519	0	0.766
15	57254162	0	0.766
15	57255862	0	0.766
15	59924715	0	0.766
15	59985072	1	0.305
15	61338772	1	0.305
15	61670859	1	0.305
15	65549891	0	0.766
15	65810004	0	0.766
15	65962541	1	0.305
15	66160913	1	0.305
15	66214815	1	0.305
15	66736249	0	0.766
15	67183459	1	0.305
15	67802014	0	0.766
15	67917395	0	0.766
15	68755892	1	0.305
15	68940143	0	0.766
15	71342557	0	0.766
15	71629474	0	0.766
15	73414207	0	0.766
15	75442255	1	0.305
15	75527801	0	0.766
15	75632435	1	0.305
15	76484505	1	0.305
15	77055399	1	0.305
15	77441012	1	0.305
15	77773981	0	0.766
15	78205888	0	0.766
15	79803168	0	0.766
15	80039817	0	0.766
15	80291237	0	0.766
15	80645547	0	0.766
15	81049216	1	0.305
15	81111769	1	0.305
15	81332260	0	0.766
15	81360532	0	0.766
15	82861325	0	0.766
15	83189959	1	0.305
15	83324222	1	0.305
15	83667049	0	0.766
15	83754712	1	0.305
15	84388459	0	0.766
15	85111206	1	0.305
15	85182453	1	0.305
15	85765800	1	0.305
15	86936606	0	0.766
15	87291821	0	0.766
15	87983624	0	0.766
15	88218952	0	0.766
15	88408862	0	0.766
15	90344171	0	0.766
15	92343139	1	0.305
15	93101105	0	0.766
15	93176150	0	0.766
15	93493381	0	0.766
15	93784834	0	0.766
15	93888107	0	0.766
15	93983162	1	0.305
15	95701460	0	0.766
15	96356588	1	0.305
15	96393933	0	0.766
15	96686610	1	0.305
15	96789087	0	0.766
15	100303896	1	0.305
15	100356165	0	0.766
15	100419485	0	0.766
15	100552355	0	0.766
15	100585232	0	0.766
15	101467074	1	0.305
15	101911427	1	0.305
16	172307	0	0.766
16	848288	0	0.766
16	3312404	0	0.766
16	3322385	0	0.766
16	4683171	0	0.766
16	5066330	1	0.305
16	7012224	0	0.766
16	7602313	0	0.766
16	9897046	0	0.766
16	13175761	0	0.766
16	13556022	0	0.766
16	13851482	0	0.766
16	14024687	0	0.766
16	14464731	1	0.305
16	15322302	0	0.766
16	15530832	1	0.305
16	16521193	0	0.766
16	17371496	1	0.305
16	17671754	1	0.305
16	17686699	0	0.766
16	17725378	0	0.766
16	18062708	0	0.766
16	19618774	1	0.305
16	20476956	1	0.305
16	21030517	1	0.305
16	21199909	0	0.766
16	21518879	0	0.766
16	24219495	0	0.766
16	28293745	1	0.305
16	28404880	1	0.305
16	28619421	1	0.305
16	29154357	0	0.766
16	29772635	0	0.766
16	30554601	1	0.305
16	30694257	1	0.305
16	31176923	0	0.766
16	33740621	0	0.766
16	33958176	1	0.305
16	35814350	0	0.766
16	35832684	0	0.766
16	36029744	1	0.305
16	37166242	0	0.766
16	39827295	1	0.305
16	43973001	0	0.766
16	45774916	0	0.766
16	47787557	1	0.305
16	47935987	0	0.766
16	48213390	1	0.305
16	48290025	0	0.766
16	48414859	1	0.305
16	49122341	0	0.766
16	49189730	1	0.305
16	49368346	0	0.766
16	49428456	1	0.305
16	49939825	1	0.305
16	50665334	0	0.766
16	52611166	0	0.766
16	54331843	1	0.305
16	54421790	0	0.766
16	54632594	0	0.766
16	55668737	1	0.305
16	55824226	0	0.766
16	60109307	1	0.305
16	60643996	0	0.766
16	61789183	0	0.766
16	62296559	0	0.766
16	62346259	0	0.766
16	62636701	0	0.766
16	63615367	0	0.766
16	64519146	0	0.766
16	65295099	0	0.766
16	65448817	0	0.766
16	66104326	0	0.766
16	67280475	1	0.305
16	67867015	1	0.305
16	67942177	0	0.766
16	68075395	0	0.766
16	69295676	1	0.305
16	69866996	0	0.766
16	71705238	0	0.766
16	72531141	1	0.305
16	73555394	0	0.766
16	74234347	0	0.766
16	74571043	0	0.766
16	75176807	0	0.766
16	75574769	1	0.305
16	76380847	1	0.305
16	77760613	1	0.305
16	78755357	0	0.766
16	80635670	1	0.305
16	80669927	1	0.305
16	80717476	1	0.305
16	81290351	0	0.766
16	83673543	0	0.766
16	83825962	1	0.305
16	84078301	0	0.766
16	84408261	0	0.766
16	84506095	1	0.305
16	85013229	0	0.766
16	85225323	0	0.766
16	88858626	0	0.766
16	89225618	1	0.305
16	89569676	0	0.766
17	778060	0	0.766
17	2288454	1	0.305
17	2878998	1	0.305
17	4045825	0	0.766
17	4917935	0	0.766
17	4952673	0	0.766
17	6805910	0	0.766
17	8626307	1	0.305
17	9302996	1	0.305
17	9640959	1	0.305
17	12552503	1	0.305
17	13730762	0	0.766
17	14172815	0	0.766
17	16301221	0	0.766
17	17584132	0	0.766
17	17923084	1	0.305
17	18249911	1	0.305
17	18745515	0	0.766
17	19155588	0	0.766
17	20633483	0	0.766
17	21545554	0	0.766
17	22295353	1	0.305
17	22713098	1	0.305
17	23118354	0	0.766
17	24857680	0	0.766
17	25477373	1	0.305
17	25514812	1	0.305
17	26617116	1	0.305
17	28047418	1	0.305
17	31437271	0	0.766
17	33856651	0	0.766
17	34499780	0	0.766
17	35442831	1	0.305
17	35648624	1	0.305
17	35988527	0	0.766
17	36013541	0	0.766
17	36976246	0	0.766
17	37854083	1	0.305
17	38727765	0	0.766
17	38830941	0	0.766
17	41186949	0	0.766
17	41776269	0	0.766
17	41875986	1	0.305
17	43563929	0	0.766
17	44098643	0	0.766
17	44268608	1	0.305
17	44689585	0	0.766
17	44907966	0	0.766
17	45212751	0	0.766
17	47371808	0	0.766
17	48013441	0	0.766
17	48430658	1	0.305
17	48508723	0	0.766
17	50314225	0	0.766
17	51397894	0	0.766
17	51513494	0	0.766
17	51966250	1	0.305
17	52938137	0	0.766
17	53423487	0	0.766
17	53557512	1	0.305
17	53640083	0	0.766
17	54459394	0	0.766
17	55883428	1	0.305
17	56697404	1	0.305
17	57144326	0	0.766
17	57594846	0	0.766
17	58105805	0	0.766
17	58128349	0	0.766
17	58465367	1	0.305
17	59178134	1	0.305
17	60018735	1	0.305
17	60179230	1	0.305
17	63086079	0	0.766
17	63892382	1	0.305
17	64461905	0	0.766
17	64655633	0	0.766
17	64665176	0	0.766
17	64731667	1	0.305
17	66183943	0	0.766
17	67200637	1	0.305
17	67623267	0	0.766
17	67679520	0	0.766
17	68257394	0	0.766
17	68662585	0	0.766
17	71680467	0	0.766
17	72481236	1	0.305
17	73308435	1	0.305
17	73414225	0	0.766
17	73529155	1	0.305
17	74926437	1	0.305
17	75069779	1	0.305
17	75459821	1	0.305
17	76594829	1	0.305
17	76630873	1	0.305
17	76788480	0	0.766
17	77273171	0	0.766
17	78440673	1	0.305
17	78957979	0	0.766
17	79714229	0	0.766
18	233025	1	0.305
18	1904782	0	0.766
18	2532645	0	0.766
18	2839923	1	0.305
18	3645237	0	0.766
18	6702997	0	0.766
18	7056393	0	0.766
18	7885329	0	0.766
18	9425651	0	0.766
18	10808346	0	0.766
18	12002652	1	0.305
18	12924142	1	0.305
18	13555667	0	0.766
18	13674371	1	0.305
18	14588794	1	0.305
18	17357002	1	0.305
18	17918931	1	0.305
18	18033505	0	0.766
18	18319691	0	0.766
18	20646765	0	0.766
18	20942092	1	0.305
18	22451396	1	0.305
18	22500031	0	0.766
18	23735520	0	0.766
18	23830771	1	0.305
18	24036363	0	0.766
18	27523919	1	0.305
18	28325247	1	0.305
18	29889375	1	0.305
18	29966238	0	0.766
18	32593450	0	0.766
18	33337114	1	0.305
18	33833586	0	0.766
18	33939797	1	0.305
18	34110935	0	0.766
18	35435890	0	0.766
18	35438333	0	0.766
18	35706709	0	0.766
18	37967076	0	0.766
18	38837877	0	0.766
18	41954647	1	0.305
18	42458138	1	0.305
18	43029872	1	0.305
18	43358561	0	0.766
18	43872229	0	0.766
18	44789316	0	0.766
18	45543730	1	0.305
18	46440725	0	0.766
18	46498464	0	0.766
18	46810880	0	0.766
18	48353384	0	0.766
18	48400838	0	0.766
18	50955127	0	0.766
18	55444851	0	0.766
18	56870912	1	0.305
18	57171747	0	0.766
18	57674193	0	0.766
18	59720979	0	0.766
18	59846657	0	0.766
18	60464123	1	0.305
18	61004111	0	0.766
18	61188596	0	0.766
18	61247981	0	0.766
18	62514449	1	0.305
18	63024411	0	0.766
18	63938207	0	0.766
18	63973802	0	0.766
18	64188416	0	0.766
18	64476573	0	0.766
18	66835895	0	0.766
18	67289006	1	0.305
18	67968326	1	0.305
18	68027307	0	0.766
18	68566435	1	0.305
18	69312176	0	0.766
18	69737902	1	0.305
18	70460996	0	0.766
18	72395278	0	0.766
18	74040024	0	0.766
18	74353072	1	0.305
18	75003196	0	0.766
18	75899103	0	0.766
18	76239760	0	0.766
18	76466468	0	0.766
18	77077964	0	0.766
18	77850352	0	0.766
19	2756065	1	0.305
19	3247913	1	0.305
19	3681885	0	0.766
19	3848181	0	0.766
19	4737926	0	0.766
19	5501699	0	0.766
19	5837528	1	0.305
19	5960563	0	0.766
19	7024423	1	0.305
19	8943302	1	0.305
19	10256148	0	0.766
19	10679183	1	0.305
19	11468026	1	0.305
19	11576565	0	0.766
19	11721289	1	0.305
19	12451387	0	0.766
19	12784804	0	0.766
19	13000049	1	0.305
19	13222852	0	0.766
19	13386469	0	0.766
19	15014935	0	0.766
19	15361468	0	0.766
19	19879994	0	0.766
19	22052940	1	0.305
19	25632718	0	0.766
19	28082211	1	0.305
19	28638942	1	0.305
19	28698347	1	0.305
19	29161702	1	0.305
19	30981600	0	0.766
19	31748665	0	0.766
19	32430910	0	0.766
19	33993948	0	0.766
19	35163389	0	0.766
19	36033799	0	0.766
19	36532737	0	0.766
19	36589731	1	0.305
19	36804427	0	0.766
19	36838324	0	0.766
19	37030115	0	0.766
19	38762515	0	0.766
19	41862666	0	0.766
19	42341271	1	0.305
19	43174065	0	0.766
19	43210320	1	0.305
19	43245999	0	0.766
19	43351743	0	0.766
19	44080358	1	0.305
19	44766678	0	0.766
19	45313798	0	0.766
19	45605147	1	0.305
19	46661557	0	0.766
19	46886720	0	0.766
19	48266926	1	0.305
19	48842891	0	0.766
19	48935278	0	0.766
19	49482241	0	0.766
19	49612821	1	0.305
19	50540350	1	0.305
19	50824708	0	0.766
19	50960051	1	0.305
19	51070661	1	0.305
19	52064452	0	0.766
19	52136653	1	0.305
19	52769364	0	0.766
19	52834823	1	0.305
19	53606422	0	0.766
19	55494961	0	0.766
19	55799123	0	0.766
19	57177286	0	0.766
19	58097743	0	0.766
19	58595229	1	0.305
19	58965394	1	0.305
20	499271	0	0.766
20	3309632	0	0.766
20	3334715	0	0.766
20	3439275	0	0.766
20	3558909	1	0.305
20	4485243	0	0.766
20	5421546	1	0.305
20	5441030	0	0.766
20	6109986	1	0.305
20	6391805	0	0.766
20	8954430	0	0.766
20	10005175	1	0.305
20	10469159	1	0.305
20	10643251	0	0.766
20	11086483	0	0.766
20	11248142	0	0.766
20	11368019	0	0.766
20	11425896	0	0.766
20	12249094	0	0.766
20	12761065	1	0.305
20	12777827	1	0.305
20	13141199	1	0.305
20	14017903	1	0.305
20	14413041	1	0.305
20	15326530	0	0.766
20	18779998	1	0.305
20	18845511	1	0.305
20	19024064	1	0.305
20	19503765	1	0.305
20	19704855	0	0.766
20	22984117	0	0.766
20	23244003	0	0.766
20	25426040	0	0.766
20	25701913	0	0.766
20	25787054	0	0.766
20	26671536	1	0.305
20	26702002	0	0.766
20	27897165	0	0.766
20	27918020	0	0.766
20	28287227	0	0.766
20	28807824	0	0.766
20	29296620	1	0.305
20	29365881	1	0.305
20	29865895	0	0.766
20	30827665	1	0.305
20	32251215	1	0.305
20	32577292	1	0.305
20	34159605	0	0.766
20	34426143	1	0.305
20	35871476	0	0.766
20	37730194	0	0.766
20	38819991	0	0.766
20	39426955	1	0.305
20	41242354	1	0.305
20	41302324	1	0.305
20	41427751	0	0.766
20	42355640	0	0.766
20	42665045	0	0.766
20	42731554	0	0.766
20	43335511	0	0.766
20	43968771	0	0.766
20	44754535	1	0.305
20	45918888	0	0.766
20	46055463	1	0.305
20	46173357	1	0.305
20	46292743	0	0.766
20	46365170	0	0.766
20	48279476	0	0.766
20	49048817	1	0.305
20	49330611	1	0.305
20	49974791	0	0.766
20	50459964	0	0.766
20	50622489	0	0.766
20	50788868	0	0.766
20	51926203	0	0.766
20	52312295	0	0.766
20	53929980	0	0.766
20	54024846	0	0.766
20	55749187	0	0.766
20	55960515	0	0.766
20	56510065	1	0.305
20	57647669	1	0.305
20	57990335	0	0.766
20	59502427	0	0.766
21	333504	0	0.766
21	819502	0	0.766
21	5210840	0	0.766
21	5438338	0	0.766
21	6298143	1	0.305
21	7627179	1	0.305
21	8302763	1	0.305
21	8306558	0	0.766
21	8378908	0	0.766
21	8912012	0	0.766
21	9895896	0	0.766
21	10196358	0	0.766
21	11068136	0	0.766
21	13707357	1	0.305
21	13916797	1	0.305
21	14253341	0	0.766
21	15780388	1	0.305
21	16774356	0	0.766
21	17924029	0	0.766
21	18863013	0	0.766
21	20354804	0	0.766
21	20576395	1	0.305
21	21609905	1	0.305
21	22127569	1	0.305
21	23893572	0	0.766
21	24595407	1	0.305
21	24727833	0	0.766
21	25269112	0	0.766
21	25309226	0	0.766
21	26304381	0	0.766
21	27145720	1	0.305
21	28386998	0	0.766
21	29089580	0	0.766
21	29109987	0	0.766
21	30063324	1	0.305
21	30255434	0	0.766
21	30593899	0	0.766
21	32661279	0	0.766
21	33259473	0	0.766
21	33816534	1	0.305
21	34959696	0	0.766
21	35851465	1	0.305
21	36146639	1	0.305
21	36183162	0	0.766
21	36428253	0	0.766
21	36895366	1	0.305
21	37064995	0	0.766
21	39033442	0	0.766
21	39622790	1	0.305
21	40666924	1	0.305
21	40939122	1	0.305
21	41431814	1	0.305
21	42025799	0	0.766
21	42219212	1	0.305
21	43661560	1	0.305
21	44040078	1	0.305
21	44182244	0	0.766
21	44890388	0	0.766
21	45707804	0	0.766
22	668832	0	0.766
22	992623	1	0.305
22	2991864	0	0.766
22	3118585	1	0.305
22	4518310	0	0.766
22	5180742	0	0.766
22	6467793	0	0.766
22	6510968	1	0.305
22	6647065	1	0.305
22	7791021	0	0.766
22	7919886	1	0.305
22	8349918	0	0.766
22	9655852	0	0.766
22	10092276	1	0.305
22	11233024	0	0.766
22	12154864	1	0.305
22	14845000	1	0.305
22	15050224	1	0.305
22	15715599	0	0.766
22	17475141	0	0.766
22	17701277	1	0.305
22	19402766	0	0.766
22	19530579	1	0.305
22	21241031	1	0.305
22	22467919	0	0.766
22	22781072	0	0.766
22	23545682	1	0.305
22	24754764	0	0.766
22	25954130	0	0.766
22	26630145	0	0.766
22	26688122	1	0.305
22	26990466	1	0.305
22	28289574	0	0.766
22	28778389	1	0.305
22	29438907	0	0.766
22	29577249	0	0.766
22	29733479	0	0.766
22	30164415	0	0.766
22	31717100	0	0.766
22	31995105	1	0.305
22	32019147	1	0.305
22	32176434	0	0.766
22	34317101	0	0.766
22	35023842	1	0.305
22	36411035	1	0.305
22	37470502	1	0.305
22	37764049	0	0.766
22	38124877	0	0.766
22	38275448	0	0.766
22	38965501	0	0.766
22	39196841	0	0.766
22	39292071	0	0.766
22	40037554	1	0.305
22	40348315	1	0.305
22	40753913	0	0.766
22	41641002	0	0.766
22	42417331	1	0.305
22	42820928	0	0.766
22	42849364	1	0.305
22	43294200	0	0.766
22	43818889	0	0.766
22	46799758	1	0.305
22	47572618	1	0.305
22	48977212	0	0.766
22	49398508	1	0.305
22	49482484	0	0.766
22	50254531	0	0.766
